index,track_id,artists,album_name,track_name,popularity,duration_ms,explicit,danceability,energy,key,loudness,mode,speechiness,acousticness,instrumentalness,liveness,valence,tempo,time_signature,track_genre,danceability_s,energy_s,valence_s,tempo_s,quality_index,hidden_gem,artist_followers,artist_popularity,lastfm_playcount,lastfm_listeners,visibility_score,artist_reach_millions,Hit
78859,7gzdjkagK3pTVW8jYjcYBF,Micha von der Rampe,Partyanimal,Partyanimal,64,139159,False,0.814,0.74,0,-5.738,1,0.145,0.165,0.0,0.111,0.7,138.069,4,party,0.8530641500418108,0.7408568864509493,0.7110754414125201,0.5991725860588557,0.7683321593017601,False,54018.0,41.0,51597.0,9368.0,0.9551639238045873,0.054018,0
91411,1ihSSnA4d0dcxQouy7gtNJ,Juanes,Retro Baladas,Es Por Ti,0,251120,False,0.694,0.761,4,-6.066,1,0.0263,0.176,3.63e-05,0.123,0.866,129.953,4,rock,0.7097121013021144,0.7620320046786927,0.8887105403959338,0.5504404267966831,0.7868182154589136,True,5623226.0,76.0,1420141.0,201263.0,0.2525491145920305,5.623226,0
28136,0ntQOeCxfO9wuGJXFv5D6d,MYRNE;JPB;Yung Fusion,Feels Right (Radio Edit),Feels Right,49,199187,False,0.447,0.948,9,-2.503,0,0.307,0.053,8.68e-05,0.882,0.677,89.928,4,dub,0.4146458009795723,0.9505913908019318,0.6864633493846978,0.31011210318056,0.683900180388734,False,,,17.0,1.0,8.5,0.0,0
104521,6xRglH0lCDxiHEjbDRxT3v,Natos y Waor;Recycled J,Luna llena,Hasta que salga el sol,59,247000,False,0.903,0.476,2,-8.298,1,0.0532,0.00193,0.0343,0.285,0.825,119.974,4,spanish,0.9593835861904192,0.4746554001593175,0.844836811128946,0.49052196729973646,0.7596252658262276,False,,,,,,0.0,0
33740,3DLPg2D9Q6XZ4RlUU9B00r,PXNDX,Bonanza,"Ilusión, Oh ilusión",36,291280,False,0.345,0.622,8,-5.065,1,0.0293,0.0272,0.000155,0.0942,0.429,147.943,4,emo,0.29279655955083017,0.6218728887902957,0.42108079186730873,0.6584605777486896,0.44525008006947814,False,1732792.0,68.0,8343.0,1212.0,0.004814770142769506,1.732792,0
10136,56jlrdCvA7Ih13L9OMcfDS,Propellerheads;Shirley Bassey,Decksandrumsandrockandroll 20th anniversary,History Repeating - Knee Length Mix,52,242533,False,0.717,0.829,10,-5.432,0,0.0367,0.00261,0.0147,0.106,0.729,144.04,4,breakbeat,0.7371879106438894,0.8305990541780524,0.7421080791867309,0.635025188690008,0.7699650146695576,False,1093.0,9.0,3.0,2.0,0.002742230347349177,0.001093,0
52626,3phaRmdQXoC0UqSnM4EBrI,The Dirt Drifters,This Is My Blood,Sun Goes Down,12,231080,False,0.463,0.747,7,-4.651,1,0.033,0.00983,0.000787,0.423,0.201,138.574,4,honky-tonk,0.4337594074781986,0.7479152591935304,0.17710005350454794,0.6022048359883034,0.4529249067254257,False,42119.0,46.0,3156.0,1341.0,0.07492877492877494,0.042119,0
5626,0YFvHkxJVGYLioe26UH7xv,Kato,Attack on Titan Vibes,Youseebiggirl/T:t,45,112299,False,0.242,0.49,9,-11.905,0,0.0641,0.756,0.784,0.0719,0.275,38.281,4,anime,0.16975271771592398,0.4887721456444798,0.25628678437667207,0.0,0.3049372159123586,False,75.0,8.0,51967.0,12400.0,683.7763157894736,7.5e-05,0
75740,3JBxa7RgpzPuY2Tsp8OH9F,Clannad,Banba,Banba Oir - Remastered,22,206746,False,0.458,0.623,10,-13.421,0,0.0295,0.596,0.111,0.115,0.615,160.308,4,new-age,0.42778640544737784,0.6228812277535215,0.6201177100053505,0.7327056676053632,0.5569284477354166,False,210762.0,52.0,1150.0,464.0,0.005456365680883267,0.210762,0
24521,0OJ832WC1epHirYTRBgJ9Z,Octave One;Ann Saunderson,Burn It Down,Jazzo/Lose Myself - Original Mix,5,402796,False,0.845,0.539,9,-5.687,1,0.0447,0.0112,0.0194,0.059,0.587,124.975,4,detroit-techno,0.890096762632899,0.5381807548425478,0.5901551631888711,0.5205502482842268,0.6728108935547726,False,,,,,,0.0,0
90513,73BIHNAuJtxFTbuRK2y2sG,Ramon Marquez,Lo Mejor Para Bailar Con Ramón Márquez,Clases De Cha Cha Chá,32,185817,False,0.78,0.789,8,-7.956,1,0.049,0.842,0.0,0.0612,0.887,128.795,4,rock-n-roll,0.8124477362322302,0.7902654956490173,0.9111824505082933,0.543487267552524,0.8379652274631804,False,6163.0,38.0,1038.0,394.0,0.16839714471122647,0.006163,0
8626,1Ta6e4rjUBexrZ6SQkCNPF,Jesper Munk,Head In The Clouds,Head In The Clouds,36,228905,False,0.594,0.384,5,-11.796,1,0.0418,0.861,0.575,0.126,0.462,77.823,4,blues,0.5902520606857005,0.38188821554253677,0.45639379347244524,0.2374281717034039,0.47617802323356084,False,42387.0,35.0,10402.0,3493.0,0.24539964140794565,0.042387,0
73737,676Oa6y0HElaXvynyUu9im,Alec Troniq,Ipoly Mate 003,At What Cost,19,419091,False,0.803,0.448,1,-10.967,0,0.0574,0.00753,0.208,0.111,0.338,121.013,4,minimal-techno,0.8399235455740055,0.44642190918899294,0.3237025147137507,0.496760596362501,0.5366826564922497,False,34649.0,36.0,1941.0,507.0,0.056017316017316014,0.034649,0
77740,0ONoYJqSkvUFp2wmNvH2kW,Zeca Pagodinho;Xande De Pilares,Mais Feliz,Dependente Do Amor,44,224376,False,0.694,0.566,11,-11.181,0,0.0637,0.271,0.0,0.215,0.887,90.049,4,pagode,0.7097121013021144,0.5654059068496464,0.9111824505082933,0.31083864227256625,0.7287668195533513,False,,,3.0,3.0,1.5,0.0,0
103859,3Zcv9IeYgCvEhxFTfsduaQ,88GLAM,88GLAM2,Lil Boat,63,180813,True,0.764,0.672,6,-4.274,0,0.0655,0.0166,1.06e-06,0.103,0.594,150.021,4,soul,0.7933341297336041,0.6722898369515896,0.5976457998929909,0.6709378358742186,0.6877565888593948,False,459603.0,46.0,775335.0,112519.0,1.6869631247769818,0.459603,0
90136,2u1NjJFN4emN0o6AJHogGU,Ike & Tina Turner,60s Christmas Party,River Deep - Mountain High,0,215720,False,0.377,0.763,3,-6.866,1,0.0387,0.777,0.00125,0.157,0.302,83.267,4,rock-n-roll,0.33102377254808263,0.7640486826051445,0.28517924023542,0.2701164263883802,0.4600838984628824,False,333637.0,50.0,402479.0,115725.0,1.206334410348941,0.333637,0
44678,49t1GWE6ZiEoBgN92oMDdM,Hole,Live Through This,Doll Parts,60,211960,False,0.245,0.542,7,-7.159,1,0.0324,0.147,4.05e-06,0.102,0.365,204.824,4,grunge,0.17333651893441643,0.5412057717322254,0.35259497057249867,1.0000000000000002,0.35571242041304685,False,170850.0,54.0,4930701.0,626014.0,28.859655489285988,0.17085,0
82411,0IjjGQAWS5Xnlp0lHnd3Ko,The Lemonheads,Varshons 2,Things,23,165720,False,0.416,0.606,6,-8.296,0,0.0286,0.0667,0.00357,0.12,0.583,147.178,4,power-pop,0.377613188388484,0.6057394653786816,0.5858747993579454,0.6538671694397242,0.5230758177083703,False,278666.0,51.0,11535.0,3195.0,0.04139349115611106,0.278666,0
61660,1M03pPTmDxCe6PuYTOWY9m,Akina Nakamori,コンプリート・シングル・コレクションズ〜ファースト・テン・イヤーズ<ライノ・プレミアム・エディション>,少女A,20,213813,False,0.588,0.79,0,-5.651,1,0.0449,0.00518,7.9e-05,0.0374,0.655,145.916,4,j-idol,0.5830844582487158,0.7912738346122432,0.6629213483146068,0.6462895468437582,0.6790932137251886,False,575050.0,55.0,12363.0,2296.0,0.02149896270069959,0.57505,0
42136,1jUhGlGqCa3fQAAlAA9c8x,Insult,Emobashing Fastcore Pimps,External,17,59600,False,0.209,0.981,6,-5.707,0,0.163,8.97e-05,0.16,0.225,0.369,95.861,4,grindcore,0.13033090431250743,0.9838665765883858,0.35687533440342434,0.34573653651009056,0.49035760510143916,False,8730.0,18.0,13504.0,4703.0,1.5466727751689382,0.00873,0
10737,2WC9rDC7aw6bzsA9ZwRVqx,Amb,Blood in Blood Out,Right Now,11,194026,False,0.816,0.701,2,-5.911,1,0.368,0.126,0.0,0.29,0.734,93.963,4,breakbeat,0.8554533508541391,0.7015316668851399,0.747458533975388,0.334340080339612,0.7681478505715557,True,271.0,16.0,6610.0,3681.0,24.301470588235293,0.000271,0
71513,2gscB6kDOmrv1P6qs2KXE3,Slipknot,Slipknot (10th Anniversary Edition),Wait and Bleed,73,147840,False,0.382,0.996,7,-4.119,1,0.104,0.00208,0.0,0.417,0.327,93.345,4,metal,0.3369967745789033,0.998991661036774,0.31193151417870524,0.3306293269606048,0.5493066499314608,False,14332635.0,80.0,17823929.0,1577197.0,1.2435904323531275,14.332635,1
97737,2eI1OQTaBJFwmQEEYfy9OU,Calcinha Preta,"Calcinha Preta, Vol. 13 (Ao Vivo)",Declaração de Amor (Ao Vivo),46,198426,False,0.546,0.864,0,-1.314,1,0.0293,0.142,0.0,0.825,0.535,149.785,4,sertanejo,0.532911241189822,0.8658909178909581,0.534510433386838,0.6695207844220412,0.6444375308225393,False,1552369.0,67.0,50190.0,13082.0,0.032331209698718735,1.552369,0
15626,0o9t52kMt1yNHE0IDmdu43,Skinny Atlas;Laeland;Snøw,summer nights,summer nights,54,172137,False,0.521,0.523,6,-7.621,1,0.0362,0.233,0.0,0.403,0.343,145.156,4,chill,0.5030462310357184,0.5220473314309337,0.32905296950240775,0.641726160811322,0.45138217732302,False,,,,,,0.0,0
15859,5siP3no83iDXF2uskNj14a,demxntia,compilation I,ocean of stars,44,237466,False,0.629,0.714,5,-9.183,0,0.209,0.515,0.000129,0.109,0.596,159.952,4,chill,0.6320630749014453,0.7146400734070764,0.5997859818084538,0.7305680815164852,0.6488297100389918,False,155492.0,51.0,42381.0,5192.0,0.27255889332638766,0.155492,0
4411,5rpw2ag9jizRl9VdaLNT61,Tony Anderson,Spiriteaux,Spiriteaux,50,234000,False,0.233,0.0358,0,-28.579,0,0.0373,0.946,0.878,0.108,0.0396,117.497,3,ambient,0.15900131406044676,0.030784588547286048,0.004387372926698781,0.4756489315071783,0.06472442517814386,False,161053.0,58.0,170088.0,46830.0,1.0560929874452047,0.161053,0
42411,4F237kCyNFJq1z6X7QMLVK,Agathocles,Theatric Symbolisation of Life,Kill Your Fucking Idols,15,211213,True,0.223,0.907,7,-8.502,0,0.0657,5.47e-06,0.676,0.0613,0.268,101.825,4,grindcore,0.1470553099988054,0.9092494933096709,0.2487961476725522,0.381547107954102,0.4350336503270095,False,25312.0,20.0,15820.0,4957.0,0.6249753091296962,0.025312,0
29521,6EnHdhpdycjPxayoU5VAU9,MYRNE,What Can I Do,What Can I Do,38,256000,False,0.518,0.812,7,-7.155,1,0.0503,0.215,0.00752,0.144,0.0753,119.968,4,dubstep,0.49946242981722616,0.8134572918032125,0.04258962011771002,0.49048594056790146,0.4518364472460496,False,51195.0,41.0,13064.0,3431.0,0.25517618563950306,0.051195,0
27678,4gzpnqZiNAX35p7bA6dBug,Ed Solo;Deekline;Rubi Dan,"Jungle Cakes, Vol. 19",Zunga,17,272228,False,0.606,0.956,10,-1.643,0,0.0368,0.000866,0.0407,0.0407,0.624,87.498,4,drum-and-bass,0.6045872655596702,0.9586581025077389,0.6297485286249331,0.29552127678737633,0.730997965564114,True,,,,,,0.0,0
9626,2lMiPTcmvli4i8NfHIB4UO,Jota Quest,Acústico Jota Quest,O Que Eu Também Não Entendo - Acústico,46,255686,False,0.632,0.595,2,-9.555,1,0.0335,0.366,1.6e-06,0.107,0.368,108.002,4,brazil,0.6356468761199379,0.5946477367831969,0.3558052434456929,0.4186366283782566,0.5286999521162759,False,2488262.0,64.0,11501.0,3310.0,0.004622099834302082,2.488262,0
11660,4H3KBBAe2Fcgv9lH6E10Oe,Patrick Doyle,Harry Potter And The Goblet Of Fire (Original Motion Picture Soundtrack),Harry in Winter,55,174440,False,0.175,0.248,11,-16.707,0,0.0423,0.559,0.966,0.189,0.0396,110.447,3,british,0.08971449050292676,0.24475411654381732,0.004387372926698781,0.43331752160102804,0.11295199332448096,False,98366.0,58.0,508090.0,95202.0,5.165248508137892,0.098366,0
49513,4lJAHAMuSCeWzuXhwfutAr,Psyko Punkz,Wietse,Dance,22,176000,True,0.51,0.801,4,-5.767,0,0.0494,0.00836,0.0,0.105,0.0912,150.02,4,hardstyle,0.489905626567913,0.8023655632077278,0.05960406634563939,0.670931831418913,0.45062508537376006,False,100943.0,48.0,5849.0,1070.0,0.05794301791092091,0.100943,0
32737,55kDJdv7pymmG4URJlVTYR,Oliver Koletzki,The Arc of Tension,Tankwa Town,50,453506,False,0.736,0.401,7,-11.285,1,0.0476,0.102,0.293,0.0938,0.0543,100.008,4,electronic,0.7598853183610081,0.3990299779173767,0.02011771000535046,0.37063701266339627,0.39301100209457845,False,368452.0,54.0,109977.0,23307.0,0.2984831172496899,0.368452,0
53660,3jbAzLVcHiI5hYSkcKe1Ty,Martin Garrix;G-Eazy;Sasha Alex Sloan,Love Runs Out (feat. G-Eazy & Sasha Alex Sloan),Love Runs Out (feat. G-Eazy & Sasha Alex Sloan),63,164166,False,0.647,0.642,9,-7.306,0,0.0743,0.262,0.0,0.134,0.48,90.045,4,house,0.6535658822124,0.6420396680548132,0.47565543071161054,0.31081462445134295,0.5904203269929412,False,,,,,,0.0,0
83136,0Gbp9aWNohZ4Kwdi75ntzT,John De Sohn;Rasmus Hagen,Made For You,Love You Better,65,170893,False,0.733,0.785,11,-7.496,1,0.0416,0.0934,0.00135,0.101,0.796,102.987,4,progressive-house,0.7563015171425158,0.7862321397961137,0.8138041733547353,0.3885242850194845,0.7854459434311215,False,,,1.0,1.0,0.5,0.0,0
2660,5d9RSSwDvlTyuwfmeafUah,Phil Wickham,Living Hope,Living Hope,55,327000,False,0.292,0.535,3,-6.892,1,0.0393,0.0355,0.0,0.0977,0.316,143.949,4,alt-rock,0.22948273802413088,0.5341473989896443,0.30016051364365975,0.634478783257177,0.35459688355247826,False,1346617.0,73.0,288888.0,28935.0,0.21452854484345227,1.346617,0
78411,5QPMzfhQBjkBgkGQnXu83D,Honk!,Joana,Joana,29,196830,False,0.641,0.914,2,-2.207,1,0.0852,0.0956,0.0,0.00925,0.792,130.08,4,party,0.6463982797754151,0.916307866052252,0.8095238095238096,0.5512029926205244,0.7907433184504923,False,897.0,22.0,913.0,319.0,1.0167037861915367,0.000897,0
52859,1mgfms0E0uJhULWwqMcqtI,Hank Williams,The Ultimate Collection,First Year Blues,11,146600,False,0.718,0.27,4,-13.928,1,0.0591,0.968,0.0,0.23,0.663,120.192,4,honky-tonk,0.7383825110500537,0.2669375737347867,0.6714820759764581,0.49183093855640886,0.5589340535870996,False,1074563.0,57.0,17211.0,5722.0,0.016016728645292418,1.074563,0
46737,2MqQOhpubuokVRHIQCh0m5,Neophyte,Not Enough Middle Fingers,A Way Of Life,18,326485,True,0.723,0.716,8,-11.396,1,0.0786,0.13,0.518,0.0745,0.414,167.522,4,happy,0.7443555130808743,0.7166567513335281,0.40502942750133764,0.7760218081816708,0.6220138973052468,False,77069.0,43.0,3884.0,1391.0,0.05039574412871416,0.077069,0
103626,1V84nWUcaKN1j3vYvxfd5t,Rick James;Teena Marie,Un tecito y a mimir,Fire And Desire,0,436533,False,0.385,0.458,1,-9.5,1,0.0361,0.287,7.43e-05,0.108,0.136,134.673,3,soul,0.34058057579739576,0.45650529882125174,0.10754414125200644,0.5787814558402335,0.3015433386235513,False,,,37.0,11.0,18.5,0.0,0
29859,2zhqm7h2RiyPuG0L5cAqN7,Animadrop,Stuck in a Timeloop,Stuck in a Timeloop,41,416210,False,0.48,0.903,7,-3.262,1,0.191,0.294,0.00278,0.202,0.188,95.063,4,dubstep,0.45406761438298887,0.9052161374567673,0.16318887105403962,0.3409449811760326,0.5074908742979319,False,19775.0,35.0,55989.0,8475.0,2.8311589805825244,0.019775,0
64660,29aFRSKkk2kYToZF3JgVJC,Julie London,Desayuno en calma,I'm In The Mood For Love,0,149826,False,0.58,0.0545,9,-14.594,0,0.0473,0.963,0.000265,0.0967,0.177,123.341,4,jazz,0.5735276549994026,0.04964052715960997,0.15141787051899414,0.5107389683144894,0.25819535089266893,False,453528.0,59.0,1375640.0,338477.0,3.0331908213146237,0.453528,0
89740,50zpoWMidTPVoCjBBNMfMP,Farina,Perreo Tenebroso Vol. 1,El Problema,0,206173,False,0.535,0.651,0,-3.612,1,0.402,0.0542,0.131,0.0751,0.515,179.795,4,reggaeton,0.5197706367220165,0.6511147187238461,0.5131086142322098,0.8497144881502074,0.5613313232260242,False,4522.0,44.0,1101.0,248.0,0.24342250718549635,0.004522,0
17859,1ylzRbRcouAgM8iZF4SqCK,DJ Flex,Amaka,Amaka,15,188844,False,0.821,0.824,5,-5.971,0,0.0334,0.412,0.871,0.11,0.692,119.006,4,club,0.86142635288496,0.825557359361923,0.7025147137506688,0.48470965456368625,0.7964994753325172,True,39768.0,35.0,1096.0,100.0,0.027559154115014205,0.039768,0
103660,0n4bITAu0Y0nigrz3MFJMb,Robin Thicke;T.I.;Pharrell Williams,Blurred Lines (Deluxe),Blurred Lines,76,263826,False,0.853,0.599,7,-4.756,1,0.0411,0.00334,7.93e-06,0.0759,0.843,119.993,4,soul,0.8996535658822122,0.5986810926361005,0.8640984483681113,0.4906360519505473,0.7874777022954746,False,,,98.0,47.0,49.0,0.0,1
27521,6U3KzIa82ZCKAROmpg7PqT,A.M.C,ENERGY,The End,18,316534,False,0.568,0.995,0,0.651,1,0.216,0.000282,0.213,0.788,0.4,172.021,4,drum-and-bass,0.5591924501254328,0.9979833220735481,0.39004815409309795,0.8030358526026311,0.6490746420973597,False,324494.0,68.0,3719.0,1295.0,0.011460885375737685,0.324494,0
8859,0YZ3J8xzGwLOg4yEgST1YK,Joe Cocker,With A Little Help From My Friends,With A Little Help From My Friends,67,312173,False,0.307,0.43,2,-11.333,1,0.0629,0.288,0.000994,0.0988,0.305,145.224,3,blues,0.247401744116593,0.4282718078509271,0.28838951310861427,0.6421344637721189,0.3213543550253781,False,2622432.0,65.0,1982723.0,445413.0,0.756062404644847,2.622432,0
100411,0hwZcTCXYNTY6zrpWpfmnU,Mad Caddies,Punk Rocksteady,Sorrow,34,208730,False,0.759,0.709,7,-5.392,1,0.0361,0.0912,9.76e-05,0.149,0.96,134.054,4,ska,0.7873611277027834,0.709598378590947,0.989299090422686,0.5750646980059204,0.8287528655721389,False,159465.0,44.0,34428.0,5991.0,0.21589555140280686,0.159465,0
93626,0DbjnobMwfD3rs9zcfCjfQ,Сергей Захаров,20 золотых шедевров романса,Милая,0,159760,False,0.263,0.404,2,-8.402,1,0.0393,0.926,0.00531,0.215,0.226,82.82,1,romance,0.19483932624537093,0.40205499480705437,0.2038523274478331,0.26743243486667106,0.26691554950008617,False,252.0,4.0,16.0,11.0,0.06324110671936758,0.000252,0
72411,2uD8ezTUaLTtoqaXUiWPIR,Periphery,Periphery III: Select Difficulty,Lune,38,467013,False,0.488,0.851,5,-6.146,1,0.0447,0.00208,0.000501,0.0943,0.337,134.99,1,metalcore,0.46362441763230194,0.8527825113690216,0.3226324237560193,0.5806848681721839,0.5463464509191143,False,543068.0,53.0,342297.0,33244.0,0.6303011219568784,0.543068,0
86737,1964zxkJByManoIYrUkSHU,Tihuana,Nova Bis - Tihuana,Tropa De Elite,39,194773,False,0.716,0.881,2,-5.879,1,0.0935,0.0434,0.0,0.0383,0.962,144.324,4,punk,0.7359933102377254,0.8830326802657981,0.9914392723381488,0.6367304539968657,0.8701550876138907,False,519236.0,50.0,466969.0,84707.0,0.8993369116607638,0.519236,0
49411,3UjxmoAp5oSdz3aAh4zcgd,Noisecontrollers;Bass Modulators,Chapter One,See The Light - Radio Edit,50,206515,False,0.44,0.88,0,-5.748,1,0.0911,0.00461,3.23e-05,0.0638,0.297,149.747,4,hardstyle,0.4062835981364233,0.8820243413025721,0.279828785446763,0.6692926151204195,0.5227122416285861,False,,,,,,0.0,0
61626,1aTEygvJz9cA86mzGxJVAT,PASSEPIED,&DNA,スーパーカー,20,264453,False,0.464,0.845,10,-3.791,1,0.0371,0.145,0.0077,0.239,0.662,171.839,4,j-idol,0.4349540078843626,0.8467324775896664,0.6704119850187267,0.8019430417369688,0.6506994901642519,False,74163.0,35.0,7766.0,1461.0,0.10471387735289359,0.074163,0
86859,10lP5x0csV13P1aZyLYADs,Simple Plan,Get Your Heart On! (Deluxe Edition),Last One Standing,55,207293,False,0.498,0.969,9,-3.662,1,0.0747,0.000473,0.000369,0.0627,0.509,167.116,4,punk,0.4755704216939433,0.9717665090296752,0.5066880684858214,0.7735839993275011,0.6513416664031467,False,3957711.0,70.0,603418.0,80490.0,0.15246637451133382,3.957711,0
112678,4wD1Vpnw2jUHs07HeAEeFt,Rota,İblisler,İblisler,39,233379,True,0.688,0.886,11,-5.435,1,0.339,0.115,0.0,0.187,0.667,144.972,4,turkish,0.7025444988651295,0.8880743750819274,0.6757624398073837,0.6406213410350481,0.7554604379181469,False,147126.0,56.0,12523.0,1453.0,0.08511693978671488,0.147126,0
7521,2MgFMPG85DiVFXzO4zx3UD,Greensky Bluegrass,Handguns,Lose My Way,23,444533,False,0.585,0.573,0,-8.096,1,0.0256,0.773,0.409,0.102,0.53,109.374,4,bluegrass,0.5795006570302232,0.5724642795922276,0.5291599785981809,0.4268747410578649,0.5603749717402106,False,225910.0,48.0,7814.0,2654.0,0.03458884250877558,0.22591,0
111513,6qN2alQY36EbEjpBhDP9FE,DJ Shadow,Preemptive Strike,What Does Your Soul Look Like - Pt. 2,42,831400,False,0.638,0.369,7,-12.515,0,0.0693,0.284,0.904,0.104,0.0902,141.923,4,trip-hop,0.6428144785569228,0.3667631310941486,0.058533975387907985,0.6223137568075512,0.3560371950129931,False,697850.0,66.0,20873.0,8655.0,0.02991039634535166,0.69785,0
29626,46DRBgPZrFJKDHHQYIY6OG,ATLiens,Alchemy,Alchemy,51,150000,False,0.738,0.867,8,-5.249,0,0.227,0.0109,0.0825,0.213,0.366,160.066,5,dubstep,0.7622745191733364,0.8689159347806357,0.3536650615302301,0.7312525894213506,0.6616185051614007,False,166294.0,55.0,68718.0,14751.0,0.41322950178898943,0.166294,0
19859,3y4LxiYMgDl4RethdzpmNe,Faith Hill,Breathe,Breathe,67,250546,False,0.529,0.496,7,-9.007,1,0.029,0.173,0.0,0.251,0.278,136.859,4,country,0.5126030342850316,0.49482217942383505,0.25949705724986627,0.5919071951387931,0.42230742365291096,False,1966846.0,66.0,1196233.0,312432.0,0.6081982991051159,1.966846,0
54678,6zJyL9SCOdUmN6nEz33QB7,LFO,Advance,Shut Down,12,290800,False,0.521,0.978,5,-8.833,0,0.0804,0.029,0.957,0.153,0.158,137.242,4,idm,0.5030462310357184,0.9808415596987081,0.13108614232209742,0.5942069015209286,0.5383246443521746,False,170850.0,54.0,43406.0,13746.0,0.2540576291622525,0.17085,0
79136,4uNG9ER2pDOayDd1Wq8Cjq,Elton John;Britney Spears;Purple Disco Machine,Hold Me Closer (Purple Disco Machine Remix),Hold Me Closer - Purple Disco Machine Remix,0,218853,False,0.692,0.842,0,-4.871,1,0.136,0.0506,1.79e-06,0.147,0.777,125.972,4,piano,0.7073229004897861,0.8437074606999887,0.7934724451578385,0.5265366902241464,0.7815009354492045,True,,,,,,0.0,0
55660,7I1nwZimETiRW83xZv023W,Ritviz;Karan Kanchan,Dev,Khamoshi,47,189391,False,0.714,0.666,11,-7.944,1,0.0434,0.00451,0.0001,0.42,0.619,114.95,4,indian,0.7336041094253971,0.6662398031722343,0.6243980738362761,0.4603555838432117,0.6747473288113025,False,,,,,,0.0,0
5737,7AlSUZpdxkzvHJBut5rzjn,Divide Music,Never Enough,Never Enough,52,227428,False,0.513,0.696,7,-6.533,0,0.0336,0.132,3.65e-05,0.117,0.0883,104.952,4,anime,0.4934894277864054,0.6964899720690105,0.05650080256821831,0.4003230396954541,0.4154934008078781,False,122702.0,53.0,26043.0,1917.0,0.21224419940832742,0.122702,0
39859,4fkFsB17kyzq27QhOVt19V,Neptunica;Matthew Clanton,Love Is Gone,Love Is Gone,65,157894,False,0.629,0.815,7,-6.046,1,0.0683,0.016,0.000153,0.236,0.185,152.014,4,german,0.6320630749014453,0.8164823086928901,0.15997859818084537,0.6829047152987517,0.5361746605917269,False,,,,,,0.0,0
113737,5FQxCrphg2xjAhNzUXRQxc,Hillsong Worship,There Is More,Lettered Love - Live,40,222733,False,0.333,0.52,0,-9.746,1,0.0315,0.182,6.28e-06,0.673,0.259,91.983,4,world-music,0.27846135467686056,0.5190223145412561,0.2391653290529695,0.32245125883405495,0.3455496660903621,False,7336365.0,76.0,9475.0,2013.0,0.0012915113558947305,7.336365,0
57521,11BUFxLtMAVUtJaTnNK8Ey,JVKE;ILLENIUM;NURKO,golden hour (ILLENIUM & NURKO Remix),golden hour - ILLENIUM & NURKO Remix,57,201904,False,0.453,0.771,1,-4.382,0,0.0341,0.046,0.0,0.159,0.0754,126.003,4,indie,0.4218134034165571,0.7721153943109514,0.04269662921348315,0.5267228283386274,0.41220847564699725,False,,,,,,0.0,0
68859,5q2JbCNi4FcnglgPfxcV65,Anuel AA;Daddy Yankee;Zion & Lennox;Farruko;Wisin,Sola (Remix),Sola (Remix),78,307910,False,0.639,0.869,11,-4.024,1,0.147,0.27,0.0,0.0802,0.767,169.801,4,latino,0.6440090789630868,0.8709326127070874,0.7827715355805245,0.7897059618236733,0.7659044090835664,False,,,,,,0.0,1
41737,5xX58ok24goewnuvic3Q4m,Timo Räisänen,...And Then There Was Timo,You Shook Me All Night Long,21,240093,False,0.585,0.232,7,-10.912,1,0.0287,0.866,0.0,0.0657,0.12,135.878,4,goth,0.5795006570302232,0.2286206931322033,0.09042268592830392,0.5860168244837669,0.2995146786969101,False,26765.0,32.0,31030.0,7354.0,1.1593065829784055,0.026765,0
44136,2o4AknH1hXnleCRW2rH45w,Alter Bridge,Blackbird,Blackbird,57,478133,False,0.279,0.806,6,-4.714,0,0.0448,0.00499,0.0126,0.116,0.132,149.463,3,grunge,0.21395293274399713,0.8074072580238573,0.10326377742108082,0.6675873498135616,0.3748746560629784,False,1247490.0,63.0,1971143.0,228499.0,1.580085948515861,1.24749,0
83660,273n4aGEPcL1HrcdhpGGul,KSHMR;NOUMENN,Around The World (feat. NOUMENN),Around The World (feat. NOUMENN),45,199017,False,0.582,0.863,5,-4.067,1,0.0356,0.0334,1.42e-05,0.371,0.333,112.073,4,progressive-house,0.5759168558117309,0.8648825789277322,0.3183520599250937,0.44308076592831874,0.5863838315548523,False,,,,,,0.0,0
52513,0ql727m0Dm5hszWIsI1BwX,Hank Williams,The Immortal,Pan American,13,170800,False,0.581,0.427,4,-10.369,1,0.0325,0.734,0.000809,0.0809,0.797,85.724,4,honky-tonk,0.5747222554055667,0.4252467909612495,0.8148742643124667,0.2848693730748216,0.6049477702264277,False,1074563.0,57.0,42088.0,14998.0,0.039167513521763245,1.074563,0
113660,6jAAYLKxXPyeEoddXu6Gf7,Tenth Avenue North,The Struggle,Worn,50,244120,False,0.51,0.42,6,-8.014,1,0.0312,0.384,0.0,0.102,0.19,125.898,4,world-music,0.489905626567913,0.41818841821866837,0.16532905296950245,0.5260923605315144,0.3578076992520279,False,566830.0,52.0,120759.0,18116.0,0.21304233536980158,0.56683,0
73859,1qolXijooNmOF6qs5Jz7Aq,Matador;braev,Eternity,Eternity,34,416626,False,0.727,0.632,11,-9.523,0,0.0682,0.0042,0.691,0.0982,0.24,122.989,4,minimal-techno,0.7491339147055309,0.6319562784225544,0.21883360085607279,0.5086254000468349,0.5333079313280528,False,,,,,,0.0,0
82740,2DGoiBUZSbprAcvGw5l1W7,Screeching Weasel,Anthem for a New Tomorrow,Every Night,23,222706,False,0.22,0.872,8,-5.388,1,0.0461,0.00048,0.000186,0.0541,0.414,177.017,4,power-pop,0.14347150878031295,0.8739576295967652,0.40502942750133764,0.8330341113105926,0.4741528552928053,False,110558.0,41.0,56086.0,11396.0,0.5072947476008285,0.110558,0
42740,1xi0HFAsNfM5t0v7sFqkU2,Disfear,Misanthropic Generation,Rat Race,13,157426,True,0.319,0.993,8,-4.993,1,0.136,1.47e-06,0.151,0.405,0.259,117.598,4,grindcore,0.26173694899056266,0.9959666441470962,0.2391653290529695,0.47625538149306784,0.49895630739687613,False,31759.0,25.0,52228.0,12338.0,1.6444584382871537,0.031759,0
24513,51teckQO0O1ql5D4edLdua,Octave One,Love by Machine,7 b4 Dawn - Original Mix,5,382427,False,0.836,0.798,9,-8.995,0,0.0463,0.00068,0.941,0.0739,0.925,126.006,4,detroit-techno,0.8793453589774218,0.7993405463180502,0.9518459069020868,0.5267408417045447,0.8768439373991863,True,49377.0,45.0,455.0,204.0,0.00921462999716473,0.049377,0
75521,4TtTr61i4LVKO8mrx7KPHB,David Lanz,Return To The Heart,Improvisation: Friedensengel (Angel Of Peace),22,90026,False,0.574,0.00638,0,-31.925,1,0.0465,0.989,0.682,0.0828,0.408,116.734,4,new-age,0.5663600525624177,0.0011192562491807246,0.3986088817549492,0.47106753210882474,0.3220293968555159,False,52654.0,47.0,13053.0,3414.0,0.24789668597474124,0.052654,0
47859,6kAOsnRUgp21bPiUoVZeuJ,Ozzy Osbourne;Jeff Beck,Patient Number 9 (feat. Jeff Beck),Patient Number 9 (feat. Jeff Beck),61,441402,False,0.316,0.869,7,-4.244,0,0.0642,0.000197,0.199,0.133,0.302,169.916,4,hard-rock,0.2581531477720702,0.8709326127070874,0.28517924023542,0.7903964741838445,0.47142166690485926,False,,,30.0,12.0,15.0,0.0,0
38859,3OtId2P71K4wGAAJk8QCIR,Royal Blood,Honeybrains,Honeybrains,58,186847,False,0.523,0.8,9,-5.243,1,0.101,0.00537,0.0,0.398,0.604,125.886,3,garage,0.5054354318480467,0.801357224244502,0.608346709470305,0.5260203070678444,0.6383797885209512,False,1714956.0,63.0,404283.0,59676.0,0.23573943836492695,1.714956,0
12859,5MH9JHCKH1Hm3ih9m9ljy8,Hins Cheung,笑忘書,騷靈情歌,45,249293,False,0.489,0.337,8,-12.972,1,0.112,0.301,0.0,0.13,0.276,179.599,4,cantopop,0.4648190180384661,0.33449628427092054,0.2573568753344035,0.8485376149102635,0.3522240592145967,False,671115.0,58.0,14890.0,1640.0,0.022186924466113162,0.671115,0
29136,2yg53XBaQDtIk6hYT2VFSD,William Black;Fairlane,Broken,Broken,47,228705,False,0.49,0.828,1,-4.374,1,0.0379,0.0265,0.0,0.149,0.31,170.049,4,dubstep,0.46601361844463024,0.8295907152148264,0.2937399678972713,0.7911950667395209,0.5297814338522427,False,,,9.0,1.0,4.5,0.0,0
3737,4k2AjlWruIygEiZyJEy01I,Os Paralamas Do Sucesso,Acústico (Live),Tendo A Lua - Ao Vivo,51,200826,False,0.492,0.794,5,-5.823,1,0.046,0.196,2.62e-06,0.873,0.683,167.815,4,alternative,0.46840281925695854,0.7953071904651466,0.6928838951310863,0.7777811135862811,0.6521979682843971,False,2619279.0,66.0,120771.0,36447.0,0.046108472557344,2.619279,0
97626,6xsEgCQbbRngiZKTyAxvkQ,João de Souza & Bonifacio,Sistema Pesado,Mete o Pé e Vaza,46,166132,False,0.749,0.775,11,-4.689,0,0.155,0.222,0.0,0.177,0.773,163.048,4,sertanejo,0.775415123641142,0.776148750163855,0.7891920813269129,0.7491578751433563,0.7802519850439701,False,59520.0,39.0,1343.0,498.0,0.02256346499554779,0.05952,0
69660,1xs80jiAaDBjDzROXVVVnn,Saleem,Mere Jogi Nath,Mere Jogi Nath,23,295400,False,0.673,0.922,0,-7.078,0,0.0586,0.217,2.85e-06,0.0986,0.773,100.004,4,malay,0.6846254927726676,0.9243745777580591,0.7891920813269129,0.37061299484217297,0.7993973839525464,False,169450.0,51.0,51.0,10.0,0.0003009719623962089,0.16945,0
37737,4PVDAebj5ADsLOBw1D9KbP,BIN;Azevedo;Mainstreet;Kizzy,Para todas as mulheres que já rimei,Fim de Nós 2,46,180000,False,0.582,0.467,5,-7.674,1,0.0367,0.183,0.0,0.0931,0.486,119.842,4,funk,0.5759168558117309,0.46558034949028465,0.48207597645799893,0.48972937919936593,0.5078577272533381,False,,,,,,0.0,0
52660,5E0HsaeTON2ucXXArmSHNp,George Jones,Mr. Country and Western,Small Time Laboring Man,11,153862,False,0.497,0.29,4,-14.014,1,0.0284,0.914,3.33e-05,0.134,0.451,93.128,3,honky-tonk,0.47437582128777916,0.2871043529993042,0.4446227929373997,0.32932636015923816,0.40203432240816106,False,1371120.0,62.0,2953.0,896.0,0.00215371218149237,1.37112,0
56859,6qr6qpP9J9YBBYsVmJFd5c,Vansire,After Fillmore County,The Latter Teens,64,221648,False,0.658,0.441,11,-10.008,0,0.0436,0.681,0.241,0.109,0.354,129.599,4,indie-pop,0.6667064866802055,0.4393635364464118,0.3408239700374532,0.5483148496184169,0.48229799772135684,False,476032.0,60.0,456157.0,86437.0,0.9582465921480233,0.476032,0
52136,1e6sJSsSVQDq4ucpJ6l7cG,Ray Price,Night Life,Bright Lights and Blonde Haired Women,19,142800,False,0.639,0.28,9,-13.535,1,0.0325,0.848,0.0,0.472,0.673,117.071,4,honky-tonk,0.6440090789630868,0.27702096336704546,0.6821829855537722,0.4730910335468918,0.5344043426279682,False,153460.0,42.0,8411.0,3770.0,0.05480871361453399,0.15346,0
17411,0MGkVtHqa6hp9WFaUc0fq1,Le Castle Vania,Payday,Fully Loaded Epic Win,39,187001,False,0.679,0.952,1,-2.777,1,0.0596,1.66e-05,0.686,0.515,0.175,128.033,4,club,0.6917930952096523,0.9546247466548353,0.1492776886035313,0.5389118726094762,0.5985651768226729,False,128477.0,53.0,60694.0,12259.0,0.47240772739301673,0.128477,0
53411,0gn93i7HJt0calph67R5Wu,HUGEL;Amber Van Day,WTF (feat. Amber Van Day),WTF (feat. Amber Van Day),64,160686,True,0.808,0.737,11,-4.538,0,0.0526,0.0602,1.12e-06,0.704,0.865,123.985,4,house,0.8458965476048261,0.7378318695612716,0.8876404494382023,0.5146058375314484,0.8237896222014333,False,,,32.0,15.0,16.0,0.0,0
94521,6ue8qsdLrXbj9UDmhnYkEa,convolk,LONEWOLF,I fucked up,61,159149,True,0.645,0.708,5,-6.005,0,0.0382,0.00909,0.000356,0.115,0.282,80.503,4,sad,0.6511766814000717,0.7085900396277212,0.26377742108079183,0.2535201119230469,0.5411813807028616,False,207701.0,46.0,1049183.0,87515.0,5.051386120499562,0.207701,0
112513,03u0SQvzUKRcIv7mHA3X1M,Kargo,Gelecekle Randevum Var,Kehribar,41,212323,False,0.581,0.428,7,-10.857,0,0.0254,0.374,0.00278,0.0672,0.677,88.08,4,turkish,0.5747222554055667,0.4262551299244754,0.6864633493846978,0.29901586977537337,0.5624802449049132,False,451793.0,48.0,13040.0,2863.0,0.0288627117668672,0.451793,0
67521,59d6pKXq0vbneJNlfiX82Y,Chris Jedi;Anuel AA;Chencho Corleone;Ñengo Flow,Clásicos de ahora: Perreo,La Llevo Al Cielo,0,254920,True,0.795,0.845,9,-3.809,0,0.135,0.105,1.14e-05,0.172,0.769,170.023,4,latin,0.8303667423246923,0.8467324775896664,0.7849117174959872,0.791038950901569,0.8206703124701153,True,,,2.0,1.0,1.0,0.0,0
14521,5yrU9jSt6hGxodbRgXaaqa,The Wiggles,Here Comes the Big Red Car,Big Red Car,31,107920,False,0.767,0.904,9,-3.443,1,0.0655,0.306,0.0096,0.0636,0.962,124.714,4,children,0.7969179309520964,0.9062244764199933,0.9914392723381488,0.5189830854494035,0.898193893236746,False,336719.0,69.0,19217.0,5015.0,0.057071157044428604,0.336719,0
54737,5SHF7U7Pg5ZqrD8jY5qwyt,Casino Versus Japan,Suicide by Sun,Lazy Girl Loop,9,137707,False,0.259,0.0691,2,-27.925,1,0.0303,0.625,0.761,0.106,0.114,66.419,3,idm,0.1900609246207144,0.06436227602270779,0.08400214018191549,0.16895336339563954,0.11280844694177922,False,49175.0,37.0,7255.0,1998.0,0.14753131608914918,0.049175,0
38740,3hXMVNjjdXnDKg1ixBu7Lj,Gee Tee,Gee Tee,Hangin' at Caltex,25,112222,False,0.168,0.942,2,0.632,1,0.0548,0.0641,0.969,0.328,0.298,172.527,4,garage,0.08135228765977781,0.9445413570225765,0.2808988764044944,0.8060741069873847,0.43559750702894956,False,35236.0,35.0,21970.0,3699.0,0.6234923517893124,0.035236,0
24660,0LqGUxY5xrFwWFR4SoN1Hx,Omar S;troialexis,Can't Explain,Can't Explain - Omar S and TroiAlexis R&B Mix,20,159474,True,0.795,0.248,7,-19.867,1,0.0775,0.069,2.74e-05,0.111,0.395,123.945,4,detroit-techno,0.8303667423246923,0.24475411654381732,0.3846976993044409,0.5143656593192147,0.4866061860576502,False,,,,,,0.0,0
33660,3xwIAsYcyfte7VLi8fzVkk,surrenderdorothy,WeNeverAskedForThis,UsedCar,57,95786,True,0.568,0.408,11,-15.212,1,0.0345,0.219,0.00508,0.135,0.429,115.035,4,emo,0.5591924501254328,0.4060883506599578,0.42108079186730873,0.4608659625442078,0.4621205308842331,False,116937.0,47.0,440316.0,77511.0,3.7653799449280814,0.116937,0
33737,7xZPwzLC24VRg5HyOBC28K,NX Zero,Fração de Segundo - Single,Fração de Segundo - Versão Acústica,36,194024,False,0.559,0.576,8,-6.631,0,0.028,0.326,0.0,0.0998,0.584,87.085,4,emo,0.5484410464699558,0.5754892964819052,0.5869448903156769,0.2930414367460656,0.5702917444225126,False,962142.0,60.0,34241.0,8988.0,0.03558826494606311,0.962142,0
81737,7mDdR7ynAJuMdkr49AlF1W,Bruno Mars;Anderson .Paak;Silk Sonic,Trending Pop,Skate,0,203122,False,0.708,0.598,5,-8.365,1,0.0291,0.037,0.0,0.17,0.698,112.027,4,pop,0.7264365069884122,0.5976727536728745,0.7089352594970573,0.4428045609842503,0.677681506719448,False,,,38.0,13.0,19.0,0.0,0
58740,2UsKFVo6oK2yCHo7R1s4Ft,Revolting Cocks,Big Sexy Land,No Devotion,20,412687,False,0.667,0.681,7,-12.684,1,0.0629,0.0944,0.0783,0.444,0.395,127.218,4,industrial,0.6774578903356827,0.6813648876206225,0.3846976993044409,0.5340182415352193,0.5811734924202486,False,72671.0,30.0,65712.0,19358.0,0.9042272126816381,0.072671,0
1521,1QmgrcZquzAfW1OMALh1yb,Lafayette Afro Rock Band,Malik,Conga - Remastered,19,301617,False,0.705,0.83,2,-9.266,1,0.0946,0.0659,0.00445,0.078,0.602,119.099,4,afrobeat,0.7228527057699199,0.8316073931412782,0.6062065275548422,0.4852680689071291,0.7202222088220135,False,61306.0,40.0,9454.0,4648.0,0.1542075130083025,0.061306,0
108411,0i4DD28r4qZ4snbvpBfIUb,Sexteto Mayor,From Argentina To The World,Taconeando,20,227453,False,0.361,0.259,2,-13.516,0,0.0332,0.747,0.278,0.197,0.368,108.489,4,tango,0.3119101660494564,0.25584584513930203,0.3558052434456929,0.4215607981121993,0.30785375154481714,False,16120.0,25.0,2246.0,1332.0,0.13932138204826003,0.01612,0
85136,0vGAY9aloPKORe0R0KlfGv,Siouxsie and the Banshees,Helloween Party,Spellbound,0,197106,False,0.412,0.931,7,-6.348,1,0.0449,0.016,0.0,0.0772,0.295,148.813,4,punk-rock,0.3728347867638274,0.933449628427092,0.27768860353130015,0.6636844538647677,0.5279910062407399,False,1365202.0,60.0,5427980.0,689554.0,3.975950829290589,1.365202,0
69626,7llKkUiIzjfqnBHgRJScqF,Jify,God is Good (Sunday School Song),God is Good - Sunday School Song,25,141609,False,0.623,0.525,5,-8.841,1,0.0489,0.445,0.0,0.156,0.811,170.027,4,malay,0.6248954724644606,0.5240640093573855,0.8298555377207064,0.7910629687227924,0.6596050065141842,False,177.0,4.0,33.0,18.0,0.1853932584269663,0.000177,0
19136,1uM9MucJX0ztob8h3XFakX,Bailey Zimmerman,Single Saturday Night - Country Songs,Fall in Love,0,232058,False,0.524,0.643,9,-6.055,1,0.0297,0.451,0.0,0.221,0.397,135.962,4,country,0.506630032254211,0.6430480070180391,0.38683788121990376,0.5865211987294572,0.5121719734973846,False,2133344.0,76.0,1165418.0,103018.0,0.5462866999946094,2.133344,0
29411,65Ue0jbK1lhMuWc9XfVanh,ILLENIUM;Said The Sky;Rock Mafia,Fallen Embers,Crazy Times,45,230400,True,0.476,0.507,1,-8.058,1,0.0459,0.405,1.13e-05,0.113,0.17,150.204,4,dubstep,0.4492892127583323,0.5059139080193197,0.14392723381487432,0.672036651195187,0.3663767848641754,False,,,5.0,2.0,2.5,0.0,0
35411,3KkUHYxuE6opdXCxoKh8wH,Washington Brasileiro,Bora,Bora,41,191425,False,0.801,0.955,10,-3.037,0,0.0449,0.213,0.0,0.336,0.876,110.899,4,forro,0.8375343447616772,0.9576497635445129,0.8994114499732478,0.43603153539926626,0.8981985194264793,False,214041.0,52.0,98042.0,20294.0,0.45805028919557844,0.214041,0
80513,3OZr3vo7SmYpn5XqeQEAOM,Yo Yo Honey Singh;Neha Kakkar,The Neha Kakkar Collection,Manali Trance,61,203206,False,0.614,0.842,6,-4.109,1,0.0745,0.00814,1.33e-05,0.212,0.915,156.051,4,pop-film,0.6141440688089834,0.8437074606999887,0.9411449973247727,0.7071447013684153,0.7996655089445817,False,,,,,,0.0,0
38521,49HYB8tppaxOsbBfeozPxu,Arctic Monkeys,Suck It and See,Brick By Brick,53,179906,False,0.285,0.807,2,-4.741,1,0.0528,0.00123,0.00368,0.317,0.542,132.206,4,garage,0.2211205351809819,0.8084155969870831,0.5420010700909578,0.5639684646007337,0.5238457340863408,False,32574299.0,87.0,3590780.0,458835.0,0.11023352765830731,32.574299,0
36737,3Clq3Nkvml7zX8qbdHyNT9,Djadja & Dinaz,Spleen,Anonymat,33,223466,True,0.765,0.516,11,-10.779,0,0.404,0.216,0.0,0.367,0.55,141.007,4,french,0.7945287301397681,0.5149889586883526,0.5505617977528091,0.6168136757474045,0.6200264955269766,False,3175208.0,70.0,7953.0,1055.0,0.002504717012328952,3.175208,0
67411,75G3D1ajCgumVJ7Kun9MbC,Brytiago;Darell,Halloween 2022 Perreo Vol. 3,Olvidando,1,229013,False,0.767,0.672,2,-4.455,0,0.182,0.12,6.18e-05,0.695,0.585,171.996,4,latin,0.7969179309520964,0.6722898369515896,0.5880149812734082,0.8028857412199855,0.6857409163923647,False,,,3.0,1.0,1.5,0.0,0
58411,3zQx7xLSxHE25mR34QTedx,Celldweller,Satellites,Soul Parasites,35,216684,False,0.555,0.792,1,-4.581,1,0.0558,7.16e-05,2.95e-06,0.09,0.786,92.0,3,industrial,0.5436626448452992,0.7932905125386949,0.8031032637774211,0.3225533345742541,0.7133521403871385,False,283070.0,53.0,38404.0,8027.0,0.1356691430771785,0.28307,0
96513,4W3OLec9sTB37yegHQVxOq,Seu Jorge;Racionais MC's,"Musicas para Churrasco, Vol.1 (Ao Vivo) (Delux Edition)",Diário de um Detento (Ao Vivo),38,493373,False,0.484,0.877,10,-5.095,0,0.365,0.758,0.0,0.61,0.586,88.445,4,samba,0.45884601600764535,0.8789993244128945,0.5890850722311397,0.30120749596200375,0.6423101375505599,False,,,,,,0.0,0
66737,3y3thO9GCZxsauTac1Hv1s,Lani Love,Slaying the Runway,Slaying the Runway,8,153808,False,0.756,0.543,9,-5.913,1,0.375,0.274,9.62e-06,0.139,0.437,149.877,4,kids,0.7837773264842909,0.5422141106954513,0.42964151952916,0.6700731943101783,0.5852109855696341,False,37104.0,19.0,3.0,3.0,8.085163724565422e-05,0.037104,0
80411,3i11e2jzUtO3jChiFl3v9x,Madan Mohan;Lata Mangeshkar;Roop Kumar Rathod;Javed Akhtar,Veer - Zaara,Tere Liye,63,331676,False,0.525,0.46,1,-8.594,0,0.0246,0.826,0.00202,0.139,0.33,98.007,4,pop-film,0.507824632660375,0.4585219767477035,0.31514178705189944,0.35862209759641656,0.4271627988199927,False,,,,,,0.0,0
76521,191Tg9ZpGyjqP5sLO5gg3V,Emma Shapplin,Etterna,Leonora,21,237240,False,0.295,0.525,9,-8.716,1,0.0425,0.36,0.000102,0.164,0.136,69.014,4,opera,0.23306653924262333,0.5240640093573855,0.10754414125200644,0.1845349249142864,0.2882248966173384,False,61460.0,33.0,65671.0,22729.0,1.0684987227672833,0.06146,0
87626,1u7qEu0bZXGHW6gfOKyRfX,Valentín Elizalde,Íconos 25 Éxitos,A Mis Enemigos,43,183573,False,0.811,0.476,3,-5.281,1,0.0508,0.743,8.19e-05,0.0598,0.97,102.538,3,r-n-b,0.8494803488233187,0.4746554001593175,1.0000000000000002,0.38582828458716373,0.7747119163275454,False,4020337.0,71.0,158113.0,27243.0,0.039328285333223224,4.020337,0
4136,6j8KPn7rmbTwlkpEbHcrS1,Ludovico Einaudi,Underwater,Indian Yellow,61,194789,False,0.263,0.009,2,-35.193,1,0.0515,0.995,0.946,0.0881,0.156,68.083,1,ambient,0.19483932624537093,0.003761104332832523,0.12894596040663459,0.17894477702455225,0.10918213032827935,False,4044507.0,79.0,147918.0,38453.0,0.03657255715651941,4.044507,0
10513,1FyqKrXoHIYh7Tv7awiUKS,Audio Bullys,Generation,Struck By The Sound,14,304920,False,0.752,0.715,5,-6.443,0,0.0791,0.459,0.0335,0.808,0.574,99.993,4,breakbeat,0.7789989248596343,0.7156484123703023,0.5762439807383628,0.3705469458338087,0.6902971059894331,False,80650.0,50.0,80980.0,25475.0,1.0040793046583427,0.08065,0
5136,708feUe50Ed8N6zilSiSQM,Kiro Akiyama,From DROPOUT,Caffeine,59,243253,False,0.73,0.455,6,-5.467,1,0.0396,0.00372,0.0118,0.0649,0.763,133.996,4,anime,0.7527177159240233,0.4534802819315741,0.7784911717495988,0.5747164395981819,0.6615630565350653,False,202991.0,49.0,457342.0,54728.0,2.253005044533775,0.202991,0
21521,03EcqaAMg58r10dgbl0o6y,Fuse ODG;Ed Sheeran;Mugeez,Boa Me (feat. Ed Sheeran & Mugeez),Boa Me (feat. Ed Sheeran & Mugeez),53,180500,False,0.906,0.597,0,-2.566,1,0.0764,0.165,2.94e-06,0.0775,0.967,124.008,4,dancehall,0.9629673874089115,0.5966644147096487,0.9967897271268059,0.5147439400034826,0.8521405097484553,False,,,2.0,2.0,1.0,0.0,0
32660,2RoTe14GxtkU0ZzCgKys5X,Multani,Old World Songs in a New World Order,Kalyan,25,187684,False,0.763,0.414,1,-11.165,1,0.0845,0.0829,0.637,0.0552,0.498,125.0,4,electronic,0.7921395293274398,0.41213838443931305,0.49491706795077584,0.5207003596668729,0.5663983272391762,False,12323.0,23.0,2269.0,565.0,0.1841123012009088,0.012323,0
79660,16GUMo6u3D2qo9a19AkYct,Billy Joel,The Stranger (Legacy Edition),Movin' Out (Anthony's Song),67,210760,False,0.664,0.88,2,-5.009,0,0.0326,0.465,1.63e-05,0.0591,0.895,133.898,4,piano,0.6738740891171904,0.8820243413025721,0.9197431781701446,0.5741280029782099,0.825213869529969,False,7540487.0,80.0,5756810.0,695236.0,0.7634532406921144,7.540487,0
31136,434VcYrm3FPRRiW4jw5nLb,Wisin & Yandel;Chris Brown;T-Pain,Fiesta portatil,Algo Me Gusta De Ti,2,274946,False,0.626,0.769,11,-5.296,0,0.0325,0.00291,0.0,0.0598,0.237,127.949,4,electro,0.628479273682953,0.7700987163844997,0.21562332798287853,0.5384074983637859,0.5380671060167771,False,,,29.0,7.0,14.5,0.0,0
107411,7G4aD9GSe262y5lisfaIGy,Tove Lo,True Romance,True Romance,57,245708,False,0.477,0.319,0,-7.757,1,0.0302,0.5,1.1e-05,0.111,0.0853,104.937,4,synth-pop,0.4504838131644964,0.3163461829328547,0.05329052969502408,0.4002329728658665,0.2733735085974584,False,3701237.0,74.0,966253.0,96353.0,0.26106210948877107,3.701237,0
43740,4KQh6eo7wbwyI9C5HoF8xK,Trazendo a Arca,Deus de Promessas (Ao Vivo),Bendito Eu Serei - Ao Vivo,25,842906,False,0.335,0.729,7,-8.078,0,0.0811,0.42,0.0,0.72,0.451,143.378,4,groove,0.28085055548918886,0.7297651578554646,0.4446227929373997,0.6310502392775439,0.48507950209401773,False,1181036.0,59.0,371.0,96.0,0.0003141307173272302,1.181036,0
100136,1RDWiY1IHfMzXAhbBMYwb6,Kapanga,A 15 Cm De La Realidad,Amor Secreto,44,222426,False,0.54,0.803,0,-6.984,0,0.0476,0.00214,7.37e-06,0.052,0.725,141.497,4,ska,0.5257436387528371,0.8043822411341796,0.7378277153558053,0.6197558588472647,0.6893178650809407,False,499691.0,49.0,9641.0,3119.0,0.019293885033180438,0.499691,0
60678,3CfewRPe6r9AFCjOkwUzWi,Vybz Kartel,Nice Suh,Nice Suh,20,161632,False,0.626,0.676,9,-7.241,1,0.361,0.0234,0.0,0.128,0.373,195.932,4,j-dance,0.628479273682953,0.676323192804493,0.36115569823434995,0.9466083834204979,0.5553193882405987,False,2148378.0,69.0,2002.0,567.0,0.0009318653738469796,2.148378,0
55513,4mYrbFGkk5u3bnDhTj0jAO,Jasleen Royal,Shivaay,Raatein,49,225875,False,0.653,0.401,5,-12.029,1,0.0279,0.893,0.143,0.109,0.311,129.988,4,indian,0.6607334846493846,0.3990299779173767,0.2948100588550027,0.5506505827323875,0.451524507140588,False,3703662.0,71.0,10609.0,2333.0,0.00286446148043167,3.703662,0
39521,5LXaBBZePqShzKxM6b9RFU,Kyau & Albert,ASOT 1090 - A State Of Trance Episode 1090,Velvet Morning 22 (ASOT 1090),41,137625,False,0.479,0.946,10,-7.859,0,0.0388,0.000548,0.261,0.136,0.0381,125.487,4,german,0.4528730139768247,0.94857471287548,0.002782236490101668,0.5236245294008155,0.46807665444746877,False,56230.0,36.0,1419.0,669.0,0.025235190553253545,0.05623,0
99626,0HLWvLKQWpFdPhgk6ym58n,John Mayer,Battle Studies,Who Says,64,175480,False,0.584,0.509,2,-13.109,1,0.0287,0.267,0.00252,0.36,0.367,90.457,4,singer-songwriter,0.5783060566240592,0.5079305859457715,0.3547351524879615,0.3132884600373477,0.48032393168593074,False,6249174.0,77.0,4081320.0,511710.0,0.6530974088579693,6.249174,0
20136,4eoMx75WWJVa0Q6lO3Q0zS,Bruno Mars;PARTYNEXTDOOR,Pop Station,That's What I Like - PARTYNEXTDOOR Remix,0,206696,False,0.741,0.695,1,-5.341,1,0.0454,0.021,0.0,0.0922,0.861,134.032,4,dance,0.7658583203918288,0.6954816331057847,0.8833600856072766,0.5749325999891921,0.78156667970163,True,,,,,,0.0,0
40678,0OB1ZDOdFgcDvdJygCfIh5,Trio Nascimento,Marque Uma Geração,Chegou o Avivamento,40,273298,False,0.508,0.625,0,-6.433,1,0.0362,0.499,0.0,0.099,0.34,143.923,4,gospel,0.4875164257555847,0.6248979056799733,0.32584269662921356,0.634322667419225,0.4794190093549238,False,141169.0,29.0,2517.0,502.0,0.01782956718849614,0.141169,0
41660,5NuELzFROpg4Br5lQZ6zNw,Specimen,Wet Warm Cling Film Red Velvet Crush,Lovers,22,184040,False,0.604,0.596,0,-7.705,1,0.0251,4.48e-05,6.11e-06,0.352,0.366,130.683,4,goth,0.6021980647473419,0.5956560757464228,0.3536650615302301,0.5548236791699441,0.5171730673413316,False,100993.0,36.0,145232.0,32907.0,1.4380260213478029,0.100993,0
8660,1kmbMgdH81XirPnEuGQ2by,Blues Saraceno,Dark Country 4,The River,55,215699,False,0.554,0.437,11,-8.187,0,0.0388,0.0526,0.00241,0.241,0.37,73.994,4,blues,0.5424680444391352,0.4353301805935083,0.3579454253611557,0.21443711233735435,0.4452478834645997,False,165298.0,50.0,232530.0,40240.0,1.4067235736453336,0.165298,0
48626,0kqYjKsdQ2UfbkMANcEXou,Samiam,You're Freaking Me Out,Full On,31,227840,False,0.469,0.889,4,-6.097,1,0.0694,0.00195,2.24e-05,0.193,0.895,188.682,4,hardcore,0.44092700991518324,0.891099391971605,0.9197431781701446,0.9030760824531803,0.7505898600189775,False,46018.0,35.0,121241.0,21959.0,2.634585714596145,0.046018,0
42521,51s7WZriwg2D51gbCrbNVz,Couple Skate,Couple Skate/Haggus,Belly Full of Toes,13,88607,False,0.285,0.564,1,-12.032,1,0.311,0.00108,0.199,0.181,0.221,148.08,3,grindcore,0.2211205351809819,0.5633892289231947,0.19850187265917607,0.6592831881255892,0.3276705455877842,False,9876.0,15.0,5113.0,1429.0,0.5176673078870102,0.009876,0
93737,4OGTClZTIEwlfFeP0APZww,"Nikolai Erdenko;Ансамбль ""Джанг""",Лучшая цыганская музыка. Часть первая,"Эй, ямщик, гони-ка к Яру",0,189080,False,0.355,0.265,5,-18.811,0,0.0393,0.909,0.0,0.146,0.306,99.714,4,romance,0.3047425636124716,0.2618958789186573,0.28945960406634563,0.3688717028034802,0.28536601553249147,False,,,,,,0.0,0
93678,5AbnLCQFNfxyQnXgq7kp5y,Oleg Pogudin,Элегия концерт,Вам не понять моей печали,0,222266,False,0.48,0.119,9,-15.435,0,0.0472,0.933,5e-06,0.592,0.118,77.874,4,romance,0.45406761438298887,0.1146783902876791,0.08828250401284109,0.2377343989240016,0.21900950289450302,False,1602.0,13.0,,,,0.001602,0
107737,7qOTekcfMJ4wTQGXoJH0ah,New Order;Ctrl Alt Esc,Commencement,Bizarre Love Triangle,26,269906,False,0.66,0.79,10,-5.24,1,0.0358,0.054,0.000611,0.0957,0.331,118.941,4,synth-pop,0.6690956874925338,0.7912738346122432,0.31621187800963085,0.48431936496880684,0.5921938000381359,False,,,,,,0.0,0
42660,46ORcEf64lk1CrM00THv6O,Milking the Goatmachine,Stallzeit,Ace of Spades,13,154466,False,0.369,0.963,2,-4.066,1,0.111,3.74e-05,0.669,0.587,0.215,158.044,4,grindcore,0.3214669692987695,0.96571647525032,0.19208132691278762,0.7191115807929485,0.49308825715395904,False,13541.0,22.0,5530.0,1261.0,0.4083591788509821,0.013541,0
37513,0H351Cn5b1uS4E4Cg1Jxb5,NAFTA,Nafta,La Carta,48,253161,False,0.797,0.337,5,-10.079,1,0.0696,0.535,0.0,0.114,0.664,130.016,3,funk,0.8327559431370206,0.33449628427092054,0.6725521669341895,0.5508187074809507,0.6132681314473768,False,197542.0,55.0,83367.0,13888.0,0.42201950967637425,0.197542,0
27660,2Ug1U9UQiDL0sabsvcp3kR,S.P.Y,Grey Days / Shadows Of The Mind,Grey Days,17,304296,False,0.379,0.844,2,-4.633,1,0.0489,0.00477,0.923,0.119,0.13,113.348,5,drum-and-bass,0.3334129733604109,0.8457241386264405,0.10112359550561799,0.4507364464432609,0.42675356916415647,False,6649029.0,77.0,7407.0,2339.0,0.0011139970792732174,6.649029,0
7626,6DWUqItLvXGKTpdwyYUc1N,Town Mountain,Southern Crescent,Southern Crescent,22,211426,False,0.486,0.622,9,-6.516,1,0.0297,0.305,4.32e-05,0.293,0.55,166.941,4,bluegrass,0.46123521681997365,0.6218728887902957,0.5505617977528091,0.7725332196489796,0.5445566344543594,False,65792.0,43.0,2340.0,993.0,0.03556609365737996,0.065792,0
64136,1LFJLpGF7gexCurvUsjqG9,Ella Fitzgerald,Santa Claus Is Coming To Town,Frosty The Snowman,0,131733,False,0.579,0.502,8,-7.57,1,0.0513,0.733,0.0,0.281,0.836,76.783,4,jazz,0.5723330545932384,0.5008722132031903,0.8566078116639915,0.23118353818533355,0.6432710264868068,False,2751613.0,76.0,1108995.0,410661.0,0.40303436455840097,2.751613,0
13859,3znnqpwwIseRg3haxuQe2w,Armando,Straight Up Detroit Shit 2013,100% Dissin It,7,50773,False,0.892,0.685,11,-4.404,0,0.267,0.0411,0.928,0.086,0.76,154.9,4,chicago-house,0.9462429817226137,0.685398243473526,0.7752808988764046,0.7002335733113971,0.802307374690848,True,20431.0,68.0,1679.0,493.0,0.08217501957713391,0.020431,0
29737,2GhwDDUHbfHF6YOwm9xilY,FelMax,Chapel,Chapel,38,201562,False,0.601,0.956,2,-3.759,1,0.0349,0.000395,0.877,0.242,0.0389,127.993,4,dubstep,0.5986142635288496,0.9586581025077389,0.0036383092562867828,0.5386716943972427,0.5203035584309584,False,14824.0,31.0,26979.0,5763.0,1.819831365935919,0.014824,0
59859,5gYNIwz1eygjeDnVCV8sCP,Siavash Amini;Hessam Ohadi;Nima Pourkarimi,Spotty Surfaces,Nights,0,311132,False,0.542,0.946,8,-11.342,1,0.0673,0.694,0.914,0.504,0.039,120.012,4,iranian,0.5281328395651654,0.94857471287548,0.0037453183520599273,0.4907501366013582,0.4934842902642351,False,,,,,,0.0,0
83521,2mQ7KmAI8gFLH3baaDXc6o,Calvin Harris;Disciples;DJ Snake,How Deep is Your Love (DJ Snake Remix),How Deep is Your Love - DJ Snake Remix,41,222400,False,0.616,0.903,9,-0.475,1,0.0938,0.015,0.00102,0.141,0.446,149.93,4,progressive-house,0.6165332696213115,0.9052161374567673,0.43927233814874267,0.6703914304413876,0.6536739150756071,False,,,,,,0.0,0
108859,76d4T3jql30UhXtvdoSgOO,Francisco Canaro;Roberto Maida,La Milonga de Buenos Aires,Milonga Brava,16,159560,False,0.749,0.399,4,-9.51,0,0.0731,0.934,0.912,0.108,0.829,108.921,4,tango,0.775415123641142,0.39701329999092494,0.8491171749598716,0.4241547228043208,0.6738485328639795,False,8.0,2.0,,,,8e-06,0
14737,1CxOnGWoUmxqlyebvPo3pZ,The Wiggles,Wiggle House!,Joannie Works with One Hammer,30,107189,False,0.652,0.491,2,-5.571,1,0.272,0.516,0.0,0.192,0.961,129.302,5,children,0.6595388842432206,0.4897804846077057,0.9903691813804173,0.5465315263925832,0.7132295167437812,False,336719.0,69.0,12131.0,1834.0,0.036026966025184126,0.336719,0
45660,63GKLwpWhgcDdQSB20S1oP,Steve Vai,Alive In An Ultra World,Whispering a Prayer,27,525626,False,0.155,0.3,4,-13.669,1,0.0429,0.648,0.719,0.938,0.159,80.568,4,guitar,0.065822482379644,0.297187742631563,0.13215623327982878,0.2539104015179263,0.16505548609701193,False,636074.0,50.0,94881.0,23959.0,0.14916637189010729,0.636074,0
113136,5GDtkgG9T1BDknHHyDtghv,Cory Asbury,The Father's House,The Father's House - Studio,62,253640,False,0.408,0.707,1,-5.4,1,0.0341,0.189,0.0,0.626,0.333,161.962,4,world-music,0.3680563851391709,0.7075817006644952,0.3183520599250937,0.7426370366812174,0.4646633819095866,False,738815.0,62.0,71012.0,11082.0,0.09611594767844768,0.738815,0
71737,4eAwB5pnKFTmsgc3zWoYO0,Seether,Finding Beauty In Negative Spaces (Bonus Track Version),Fake It,75,193893,True,0.611,0.95,8,-3.509,1,0.0518,0.00141,1.59e-06,0.0543,0.607,132.078,4,metal,0.6105602675904909,0.9526080687283836,0.6115569823434992,0.5631998943215866,0.7249084395541244,False,3875972.0,71.0,6481882.0,744920.0,1.672323826817163,3.875972,1
13136,34z21qTIqDM2aNKU4SCOu9,Larry Heard,Alien,Flight of the Comet,15,347106,False,0.764,0.553,11,-11.597,0,0.0444,0.0205,0.901,0.0809,0.264,104.292,4,chicago-house,0.7933341297336041,0.5522975003277101,0.2445157838416266,0.39636009919360166,0.530049137967647,False,65674.0,36.0,8415.0,3009.0,0.12813094784925771,0.065674,0
107678,2JEvkGpibMvl7nAymPedyW,Priest,Obey EP,Obey,24,256000,False,0.501,0.793,9,-5.475,0,0.0422,0.00623,0.000369,0.141,0.0678,123.884,4,synth-pop,0.47915422291243576,0.7942988515019208,0.034563937934724454,0.5139993875455589,0.43600567078302704,False,4560251.0,66.0,101292.0,10084.0,0.02221193039332037,4.560251,0
48678,0VpW9XAE5QC0nj4qhQ4FGM,Rotterdam Terror Corps,RTC is the legacy,Raveworld - F.Noize Remix,29,237238,False,0.651,0.997,8,-2.246,1,0.306,0.274,0.353,0.0847,0.0602,95.071,4,hardcore,0.6583442838370566,0.9999999999999998,0.02643124665596576,0.3409930168184793,0.561591843497674,False,52371.0,39.0,4575.0,1309.0,0.08735583899793783,0.052371,0
58136,21CaraclSZHAVxAQxIfNTL,Powerman 5000,"Copies, Clones & Replicants",Electric Avenue,31,201453,False,0.574,0.886,6,-2.452,1,0.0945,0.00899,0.0,0.449,0.555,123.973,4,industrial,0.5663600525624177,0.8880743750819274,0.5559122525414661,0.5145337840677784,0.6701155600619372,False,801258.0,53.0,29336.0,8085.0,0.03661238126498423,0.801258,0
34411,20A2Xe76p9wxUFLbbzZjTM,Jim Croce,Photographs & Memories: His Greatest Hits,Time in a Bottle,37,148586,False,0.533,0.155,2,-16.837,1,0.0376,0.888,0.0,0.108,0.592,134.019,3,folk,0.5173814359096882,0.1509785929638107,0.5955056179775281,0.5748545420702162,0.42128854895034235,False,1674126.0,67.0,7003175.0,915219.0,4.183180248571345,1.674126,0
79521,0gsBQy8Q0eWlR67xDmoWFw,Emile Pandolfi,So This Is Love,So This Is Love,56,172187,False,0.279,0.234,7,-17.515,1,0.0396,0.975,0.871,0.0908,0.24,163.883,1,piano,0.21395293274399713,0.23063737105865506,0.21883360085607279,0.7541715953237302,0.22114130155290831,False,36952.0,49.0,508984.0,116684.0,13.773820799393825,0.036952,0
26521,0p4s5XhvIgIwq6wyj2HSSs,Toshihiro Tachibana;Shigeo Matsuzawa;Masahiro Anzai;Music Creation,Pocahontas (Original Motion Picture Soundtrack/Japanese Version),The Virginia Company (Reprise),21,35506,False,0.407,0.162,7,-17.251,1,0.0365,0.876,6.21e-06,0.158,0.697,181.496,4,disney,0.36686178473300673,0.15803696570639184,0.7078651685393259,0.8599280666254363,0.4109213063262415,False,,,,,,0.0,0
34740,7lAADZLmAEX1bwqH05dWUT,Jorge Acosta,Kachaka Paraguay,Tu No Sabes Nada,44,193000,False,0.743,0.629,0,-8.647,0,0.0522,0.0103,0.0,0.037,0.907,76.249,4,folk,0.7682475212041571,0.6289312615328768,0.9325842696629215,0.2279771590520166,0.7765876841333185,False,14022.0,49.0,1075.0,410.0,0.07665977322969407,0.014022,0
29740,5wRosZhB66DzD6WSnt0XyX,DJ Noiz;Konecs;Vili Langi,Ofa Mai,Ofa Mai,50,184581,False,0.872,0.78,10,-4.06,1,0.068,0.0712,0.0,0.0643,0.695,106.009,4,dubstep,0.9223509735993309,0.7811904449799844,0.7057249866238631,0.4066697489537237,0.8030888017343928,False,,,,,,0.0,0
23737,2DFQvQWXVUtnHYUwIzye97,GAMPER & DADONI;Mark Wilkinson,Heavy Heart,Heavy Heart,55,166993,False,0.79,0.526,10,-9.452,1,0.0376,0.182,0.00114,0.103,0.595,123.995,4,deep-house,0.8243937402938717,0.5250723483206113,0.5987158908507223,0.5146658820845067,0.6493939931550684,False,,,2.0,2.0,1.0,0.0,0
70660,6ZBXaW9fy6oDc0b0yDtH7u,金莎,空氣,被風吹過的夏天,50,255946,False,0.551,0.535,3,-5.809,1,0.0312,0.604,0.0,0.102,0.341,123.789,4,mandopop,0.5388842432206427,0.5341473989896443,0.3269127875869449,0.5134289642915044,0.46664814326574394,False,33791.0,40.0,14335.0,2434.0,0.4242128314393939,0.033791,0
75513,2BXdDjt3w3lzKUZnsbg8Qs,David Lanz,Return To The Heart,Return To The Heart,48,200826,False,0.467,0.09,9,-20.992,1,0.0652,0.974,0.916,0.0573,0.138,92.284,4,new-age,0.43853780910285506,0.08543656035412864,0.10968432316746927,0.3242585998811119,0.211219564208151,False,52654.0,47.0,73156.0,22660.0,1.3893457411451904,0.052654,0
55737,5aJfbWiKcwC4Fh7ymbKHHy,Raghu Dixit,Aanandam (Original Motion Picture Soundtrack),Khule Reston Pe,44,150261,False,0.559,0.425,9,-11.083,1,0.0438,0.84,0.00115,0.0972,0.29,161.89,4,indian,0.5484410464699558,0.42323011303479774,0.2723381487426431,0.7422047158991971,0.41466976941579886,False,1426130.0,60.0,3006.0,576.0,0.0021078007560315286,1.42613,0
97521,1e4gBqEtO3SW4yJ3JjrM9C,Bruno & Marrone,Paixão Demais,Passou da Conta,46,281053,False,0.473,0.585,0,-6.226,1,0.0295,0.525,5.29e-06,0.097,0.247,142.198,4,sertanejo,0.44570541153983984,0.5845643471509381,0.22632423756019265,0.6239649820166564,0.41886466541699013,False,6948460.0,75.0,24521.0,6167.0,0.0035289828927585545,6.94846,0
106513,08GOw3NsrJ0LsCCeyqzt3b,ABBA,The Album,Thank You For The Music,63,229453,False,0.283,0.417,4,-9.124,1,0.0404,0.835,0.0,0.102,0.373,201.145,4,swedish,0.2187313343686536,0.4151634013289907,0.36115569823434995,0.977909608929826,0.33168347797733144,False,15129308.0,82.0,2450963.0,462538.0,0.162000987619461,15.129308,0
21859,7862flGk6U3tiWs2m2aUzH,Burna Boy,Twice As Tall,Bank On It,52,276536,False,0.784,0.388,1,-8.931,1,0.207,0.29,0.00539,0.0971,0.472,93.011,4,dancehall,0.8172261378568868,0.38592157139544025,0.4670947030497592,0.3286238388884552,0.5567474707673621,False,14536220.0,81.0,185756.0,22991.0,0.012778837085649702,14.53622,0
105513,2Lb7W4SQkT2V9aCUYZeqb6,"Sarah, the Illstrumentalist",Hurricane Season,Pullen Park,32,143444,False,0.711,0.528,2,-11.217,1,0.0504,0.00378,0.863,0.131,0.0863,107.976,4,study,0.7300203082069048,0.5270890262470631,0.0543606206527555,0.4184805125403049,0.43715665170224116,False,25234.0,35.0,26033.0,4925.0,1.031622746185853,0.025234,0
96411,3Ux8UdONG81vCs0JKoZAqf,Arlindo Cruz,Mtv Ao Vivo Arlindo Cruz - Cd 1,Fora de Ocasião,40,150720,False,0.585,0.813,2,-6.32,1,0.0399,0.637,0.0,0.729,0.874,102.226,4,samba,0.5795006570302232,0.8144656307664383,0.897271268057785,0.38395489453174253,0.7637458519514823,False,1007396.0,66.0,28490.0,7657.0,0.02828080687157099,1.007396,0
7859,4ctrW6hZZ5sXqWfYMhAE7g,Ricky Skaggs,Super Hits,I Wouldn't Change You If I Could,40,179373,False,0.605,0.345,5,-10.937,1,0.0263,0.0519,2.02e-06,0.105,0.802,138.094,4,bluegrass,0.603392665153506,0.3425629959767275,0.8202247191011237,0.5993226974415016,0.5887267934104524,False,144798.0,49.0,13894.0,4967.0,0.09595370133771643,0.144798,0
19740,3bMh0f7p377DT6esXJoJa6,Ashley McBryde,Good Times Country,Styrofoam,0,175853,False,0.737,0.701,0,-6.013,1,0.0446,0.0495,1.11e-06,0.108,0.844,85.001,4,country,0.7610799187671724,0.7015316668851399,0.8651685393258427,0.28052815188870145,0.7759267083260517,True,331988.0,54.0,7189.0,1451.0,0.021654331920635924,0.331988,0
73513,7FIy6N0Q90ID7u1Gh9oGfe,Guy Gerber,What To Do EP,What To Do,46,300983,False,0.718,0.693,0,-10.661,0,0.0382,0.165,0.815,0.104,0.664,121.992,4,minimal-techno,0.7383825110500537,0.6934649551793329,0.6725521669341895,0.5026389581069153,0.7014665443878587,False,116895.0,46.0,69663.0,19417.0,0.5959399808376676,0.116895,0
70626,7fIP72hHPvNFI8XPYsxwQ9,Angela Chang,歐若拉,歐若拉,49,259160,False,0.507,0.77,5,-4.557,1,0.0588,0.0927,0.0,0.277,0.651,170.001,4,mandopop,0.48632182534942053,0.7711070553477256,0.6586409844836812,0.7909068528848406,0.6386899550602757,False,625374.0,54.0,37041.0,4922.0,0.05923006196282231,0.625374,0
20859,37R0bQOQj5a7DOqh1TGzvB,Charlie Puth,Nine Track Mind,One Call Away,73,194453,False,0.667,0.613,1,-5.353,1,0.0344,0.403,0.0,0.115,0.47,91.024,4,dance,0.6774578903356827,0.6127978381212628,0.4649545211342965,0.3166929861957573,0.5850700831970806,False,25531699.0,82.0,2566862.0,416533.0,0.10053627451364382,25.531699,1
45737,6L1ejFvyidhSfuckbS2lwB,Sonny Lim,Slack Key Guitar: The Artistry Of Sonny Lim,Pau Hana Rag,22,184720,False,0.339,0.195,3,-20.308,1,0.0406,0.952,0.744,0.104,0.564,189.689,4,guitar,0.2856289571138454,0.1913121514928458,0.5655430711610486,0.9091225689461582,0.34749472658924657,False,2533.0,27.0,4004.0,1487.0,1.580110497237569,0.002533,0
74737,2bli33fs7ikTg3lxlQV8pA,Elba Ramalho;Dominguinhos,Baião De Dois,Gostoso Demais,40,234160,False,0.564,0.606,2,-12.175,1,0.0664,0.599,9.33e-05,0.275,0.803,175.539,4,mpb,0.5544140485007765,0.6057394653786816,0.8212948100588551,0.8241595263685655,0.6604827746461044,False,791.0,7.0,2.0,2.0,0.0025252525252525255,0.000791,0
3136,0lpdGobBIXUFiPaZpDR1Bj,Skillet,Rock Brandneu,Surviving the Game,0,238870,False,0.535,0.979,8,-3.593,1,0.0597,0.000666,0.0,0.084,0.432,103.996,4,alternative,0.5197706367220165,0.9818498986619341,0.424291064740503,0.3945827804230739,0.6419705333748178,False,5984668.0,77.0,273377.0,39654.0,0.045679552202469345,5.984668,0
3521,5IUGggKb1vh11R6hE0rPpm,Janelle Monáe;Zoë Kravitz,The State of Pop,Screwed,0,302491,True,0.729,0.681,8,-7.582,0,0.0405,0.0442,0.000242,0.27,0.444,106.011,4,alternative,0.7515231155178592,0.6813648876206225,0.4371321562332799,0.4066817578643353,0.6233400531239205,False,,,3.0,2.0,1.5,0.0,0
86513,0em3bmrNA9Jbiq5AGG9Q3e,Hoolahoop,Hari Untuk Berlari,Angel or Keisha,40,241826,False,0.484,0.759,8,-4.172,1,0.0304,0.413,0.0,0.07,0.388,150.068,4,punk,0.45884601600764535,0.7600153267522409,0.37720706260032105,0.671220045273593,0.5320228017867358,False,28484.0,32.0,5131.0,678.0,0.18012989292610146,0.028484,0
13626,6tXhW3RvKa5md44T7446Tw,Frankie Knuckles;Director's Cut;Eric Kupper;Jamie Principle,Baby Wants to Ride (Re-Directed),Baby Wants to Ride - Re-Directed,8,611666,True,0.8,0.82,7,-7.177,1,0.0631,0.000356,0.816,0.0481,0.873,126.004,4,chicago-house,0.836339744355513,0.8215240035090194,0.8962011771000535,0.5267288327939332,0.8513549749881953,True,,,,,,0.0,0
5411,4LUJzSLpBtgH3dpOH7J7Nf,Hiroyuki Sawano,86―エイティシックス― オリジナル・サウンドトラック,Voices of the Chord,54,182173,False,0.486,0.403,4,-8.345,0,0.0296,0.203,0.00154,0.0677,0.16,141.85,4,anime,0.46123521681997365,0.4010466558438285,0.1332263242375602,0.6218754315702251,0.3318360656337875,False,740242.0,67.0,320174.0,16186.0,0.4325255355336018,0.740242,0
86678,44DGNUUvSQjqFxwgFC7wsf,boom boom kid,Frisbee,Lo Único Feo Es No Tener Porque Vivir,40,193333,False,0.577,0.93,2,-4.553,1,0.0679,0.0102,0.000671,0.0893,0.448,92.539,4,punk,0.5699438537809103,0.9324412894638661,0.4414125200642055,0.32578973598410027,0.6479325544363274,False,92645.0,40.0,50008.0,6812.0,0.5397750577466917,0.092645,0
73521,18mfe5YtwXeqhbuSABYVCK,Jan Blomqvist;Animal Trainer,Big Jet Plane,Big Jet Plane - Animal Trainer Remix,44,400926,False,0.89,0.443,0,-8.654,1,0.0497,0.0372,0.385,0.369,0.199,122.002,4,minimal-techno,0.9438537809102854,0.44138021437286357,0.1749598715890851,0.5026990026599736,0.5200646222907447,False,,,,,,0.0,0
24411,14T9W9rhv3Gj021FHfyhnD,Model 500;Aisha Jamiel,Deep Space,The Flow,9,248946,False,0.631,0.805,6,-7.465,0,0.0621,0.007,0.0117,0.46,0.484,112.373,4,detroit-techno,0.6344522757137736,0.8063989190606313,0.4799357945425361,0.44488210252006993,0.6402623297723137,False,,,,,,0.0,0
105136,5WlX7Y1wc3NfuiifGoGJEx,Miso Colt,Elevator Rendezvous,Elevator Rendezvous,45,185000,False,0.821,0.406,8,-14.695,0,0.114,0.952,0.677,0.108,0.637,87.014,4,study,0.86142635288496,0.4040716727335061,0.6436597110754415,0.29261512041935117,0.6363859122313026,False,1117.0,26.0,6746.0,4132.0,6.033989266547406,0.001117,0
51660,6UeMjHhzYnidHi7I4isoGg,AP Dhillon;Gurinder Gill;Gminxr,Most Wanted,Most Wanted,60,184090,False,0.85,0.573,8,-6.759,1,0.274,0.0439,0.0,0.0871,0.49,88.05,4,hip-hop,0.8960697646637199,0.5724642795922276,0.4863563402889246,0.29883573611619824,0.651630128181624,False,,,,,,0.0,0
104859,0wA3AZzA0gp0wfSS0SpZt5,Melendi;Mau y Ricky,La Boca Junta,La Boca Junta,62,227312,False,0.663,0.836,11,-5.111,1,0.0384,0.464,0.0,0.0554,0.802,154.952,4,spanish,0.6726794887110261,0.8376574269206335,0.8202247191011237,0.7005458049873006,0.776853878244261,False,,,2.0,1.0,1.0,0.0,0
96678,2lS6uHU9ebUHTatXdQTG6p,Jorge Aragão,Ao vivo 3,Novos tempos - Ao vivo,37,311360,False,0.464,0.573,7,-10.407,1,0.0392,0.85,0.000681,0.542,0.558,90.987,4,samba,0.4349540078843626,0.5724642795922276,0.5591225254146603,0.3164708213494413,0.5221802709637502,False,1098244.0,65.0,23593.0,5053.0,0.021482456100414753,1.098244,0
660,7MlPySldFcJ9R3mSFvGV4y,Masaharu Fukuyama,AKIRA,彼方で,29,272320,False,0.459,0.57,4,-5.672,1,0.0293,0.199,0.0,0.137,0.361,72.978,4,acoustic,0.428981005853542,0.56943926270255,0.34831460674157305,0.208336585746624,0.4489116250992216,False,1094970.0,56.0,150.0,25.0,0.0001369899294136557,1.09497,0
35678,6f4ZEtnZs3NpDK2FdeyYl1,Edson Lima e Gatinha Manhosa,20 Grandes Sucessos: A Voz de Quem Te Ama,História do Amor,39,223920,False,0.492,0.892,0,-4.767,1,0.0906,0.0118,0.0,0.367,0.736,169.401,4,forro,0.46840281925695854,0.8941244088612826,0.7495987158908508,0.7873041797013385,0.704041981336364,False,86190.0,39.0,1528.0,631.0,0.017728069055933913,0.08619,0
53740,364Am4PI1b6FQc0wUUH7AS,Matoma;Brando,House Anthems,The Bender,1,184320,False,0.707,0.882,6,-7.46,1,0.0385,0.0606,0.0131,0.105,0.208,125.007,4,house,0.7252419065822482,0.8840410192290239,0.18459069020866775,0.5207423908540136,0.5979578720066466,False,,,2.0,2.0,1.0,0.0,0
110411,19XDJlw6WxC4XOKC1LGKid,Armin van Buuren;Laura V;Avicii,Drowning,Drowning - Avicii Remix,51,204321,False,0.533,0.849,11,-7.148,1,0.036,0.0365,0.00232,0.379,0.281,126.944,4,trance,0.5173814359096882,0.85076583344257,0.2627073301230605,0.5323730207814199,0.5436181998251063,False,,,1.0,1.0,0.5,0.0,0
72660,3HhaSocKwTptze7PySNZlW,A Day To Remember,Bad Vibrations (Deluxe Edition),Paranoia,62,200676,True,0.409,0.992,3,-2.803,0,0.108,4.82e-05,2.03e-06,0.1,0.344,149.859,4,metalcore,0.36925098554533503,0.9949583051838704,0.3301230604601391,0.6699651141146732,0.5647774503964481,False,2535807.0,70.0,1567784.0,181823.0,0.6182581646559991,2.535807,0
109626,0kfCf8GLQDZFZZIhVtHZvk,Charlotte de Witte,Asura EP,Asura,51,469612,False,0.731,0.902,11,-10.807,1,0.0511,0.0122,0.899,0.111,0.409,136.014,4,techno,0.7539123163301875,0.9042077984935415,0.3996789727126806,0.5868334304053608,0.6859330291788032,False,1255142.0,63.0,59947.0,16409.0,0.04776109176404601,1.255142,0
82521,0ivrqdSNVmReUeSkNexBDx,The Arrivals,Marvels of Industry,I'm Sorry For Saying I'm Sorry,22,121666,False,0.247,0.819,0,-6.312,1,0.0484,0.000893,0.00375,0.38,0.494,177.834,4,power-pop,0.17572571974674467,0.8205156645457935,0.4906367041198503,0.8379397512954614,0.49562602947079615,False,5546.0,14.0,15869.0,4191.0,2.8608256715341627,0.005546,0
32513,5QRhs05R9MOXHQC2OOn5bq,Innellea,Distorted Youth EP,Loss Of Hope,45,439024,False,0.682,0.927,5,-6.129,0,0.0373,0.133,0.842,0.0918,0.113,122.998,4,electronic,0.6953768964281448,0.9294162725741885,0.08293204922418407,0.5086794401445873,0.5692417394088392,False,132955.0,53.0,24764.0,6225.0,0.18625710761454917,0.132955,0
90737,2Jfsnt07szICCDxFEvgBNP,Estela Nuñez,Estela Núñez (Con Mariachi),No Volveré,30,200026,False,0.417,0.161,0,-15.638,1,0.0356,0.483,0.0,0.715,0.484,97.312,4,rock-n-roll,0.37880778879464816,0.15702862674316595,0.4799357945425361,0.35444900115885986,0.33859073669345,False,134359.0,45.0,1010.0,388.0,0.007517118189937481,0.134359,0
81136,4O0ymDK32zylHELT506JPI,The Weeknd,Halloween Party 2022,Blinding Lights,0,201573,False,0.512,0.796,1,-4.075,1,0.0645,0.00147,0.000209,0.0938,0.344,171.014,4,pop,0.4922948273802413,0.7973238683915984,0.3301230604601391,0.7969893661096534,0.5399139187439929,False,115163348.0,96.0,36848135.0,2246617.0,0.3199640798914245,115.163348,0
5859,3sFdaHo9D3hfiFt2wVi6a5,Kenshi Yonezu,M八七,M八七,65,263120,False,0.633,0.719,1,-8.329,1,0.0418,0.3,2.23e-05,0.34,0.334,112.013,4,anime,0.6368414765261019,0.7196817682232057,0.3194221508828251,0.4427204986099686,0.558648465210711,False,7639329.0,80.0,122198.0,17293.0,0.015995905400080897,7.639329,0
30859,7y3c1oJMY1CwwtOZ84Qovu,Regard;Years & Years,Hallucination,Hallucination,74,174794,True,0.687,0.788,6,-5.142,0,0.0352,0.0121,0.0,0.358,0.669,123.02,4,edm,0.7013498984589654,0.7892571566857914,0.6779026217228465,0.5088115381613156,0.7228365589558678,False,,,49.0,7.0,24.5,0.0,1
36660,0hOW6iNtMXxl9UB70gt8Bc,Caballero & JeanJass;Lomepal,High & Fines Herbes,Brillant,34,160746,True,0.735,0.567,1,-8.228,1,0.171,0.0242,1.3e-05,0.417,0.408,106.146,4,french,0.7586907179548441,0.5664142458128723,0.3986088817549492,0.4074923593306234,0.5745712818408885,False,,,,,,0.0,0
6660,1oNgtfuBBsQP30U4B5N60w,Manes,Slow Motion Death Sequence,Poison Enough for Everyone,17,273066,False,0.534,0.759,6,-8.391,0,0.0435,0.0125,0.477,0.61,0.141,119.924,4,black-metal,0.5185760363158523,0.7600153267522409,0.11289459604066344,0.4902217445344446,0.46382865303625226,False,10712625.0,78.0,24236.0,5393.0,0.002262377123965683,10.712625,0
27411,3QSzbe5jUceSc0IyAFJ4LD,Zero T,Dream Logic,Dream Logic,18,319097,False,0.671,0.928,8,-3.704,0,0.0732,0.000164,0.729,0.273,0.634,174.002,4,drum-and-bass,0.6822362919603393,0.9304246115374143,0.6404494382022472,0.8149306785634942,0.7510367805666669,False,1086699.0,63.0,2634.0,1088.0,0.002423852029078863,1.086699,0
107859,3O6l5P4tTtHl3jN1vtrNlo,Tove Lo;Kylie Minogue,Sunshine Kitty,Really don’t like u (feat. Kylie Minogue),47,225104,False,0.599,0.619,4,-6.658,0,0.0736,0.215,6.11e-05,0.0856,0.265,109.326,4,synth-pop,0.5962250627165213,0.618847871900618,0.24558587479935795,0.42658652720318474,0.48688626980549915,False,,,,,,0.0,0
39411,3DNRdudZ2SstnDCVKFdXxG,Ludwig van Beethoven;Paul Lewis,"Beethoven: Piano Sonatas, Vol.3","Sonata No. 14 ""Moonlight"" in C-Sharp Minor"", Op. 27 No. 2: I. Adagio sostenuto",69,315426,False,0.184,0.00527,1,-37.264,0,0.0432,0.995,0.887,0.173,0.151,170.612,3,german,0.10046589415840401,0.0,0.12359550561797754,0.794575575076707,0.07468713325879385,False,,,6.0,3.0,3.0,0.0,0
10521,1Lu4MHevzkeT1KeNUyU3Wo,Hybrid,Symphony,Symphony - Original Mix,14,740600,False,0.577,0.91,10,-12.534,0,0.0429,0.0268,0.652,0.122,0.486,131.884,4,breakbeat,0.5699438537809103,0.9122745101993485,0.48207597645799893,0.5620350299922541,0.654764780146086,False,213325.0,60.0,2008.0,622.0,0.009412823565810075,0.213325,0
16859,31MPMuJJoYfX91Myeqi8ob,Wolfgang Amadeus Mozart;Danielle Laval,Mozart - Inspiring Classics,"9 Variations on a Minuet by J.P. Duport in D, K.573: 8. Variation VII",4,62325,False,0.354,0.194,2,-20.373,1,0.034,0.989,0.961,0.251,0.67,145.106,3,classical,0.30354796320630745,0.19030381252961992,0.6789727126805779,0.6414259380460301,0.3909414961388351,False,,,,,,0.0,0
87678,6e3mKhIpIyvUkbeQ0cSLPQ,Mariano Barba,Nuestro Punto G,Me Gustas,43,203066,False,0.693,0.461,2,-8.051,1,0.0397,0.721,0.000178,0.0722,0.429,147.921,4,r-n-b,0.7085175008959501,0.4595303157109294,0.42108079186730873,0.6583284797319611,0.5297095361580627,False,968957.0,57.0,2090.0,993.0,0.002156956235461186,0.968957,0
77660,0HifRAxIjuvd7XBJEviQOK,Martinho Da Vila;Djonga,Era de Aquarius,Era de Aquarius,44,178207,False,0.895,0.516,4,-7.075,0,0.294,0.548,0.0,0.19,0.783,136.076,4,pagode,0.949826782941106,0.5149889586883526,0.7998929909042269,0.5872057066343226,0.7549029108445618,False,,,,,,0.0,0
46411,5O8NTmi6nq47lg0XKHzUZg,The Prophet,The Hardcore Archive Part 2 (1995 - 1996),Housetime! (Original Mix) - Extended Mix,8,385534,False,0.538,0.866,4,-3.674,0,0.0827,0.000866,0.013,0.357,0.0355,100.016,4,happy,0.5233544379405088,0.8679075958174098,0.0,0.370685048305843,0.46375401125263954,False,147089.0,54.0,291.0,110.0,0.001978380583316337,0.147089,0
72513,7yhN7C46ts8tAKHoNRrBL6,We Came As Romans;Zero 9:36,Daggers,Daggers,57,194093,True,0.435,0.961,7,-3.658,1,0.141,6.16e-05,0.000134,0.384,0.427,148.016,4,metalcore,0.40031059610560266,0.9636997973238682,0.41894060995184595,0.6588989029860155,0.5943170011271056,False,,,27.0,3.0,13.5,0.0,0
64411,0B1HBdtLt2ebn2iHPPn65L,Dean Martin,Jingle Bell Rock 2022,"Baby, It's Cold Outside",0,143733,False,0.439,0.196,0,-16.093,1,0.0601,0.88,0.0,0.0513,0.525,129.581,4,jazz,0.40508899773025925,0.1923204904560717,0.5238095238095238,0.5482067694229118,0.37373967066528496,False,1979678.0,80.0,1300614.0,433704.0,0.6569822683374426,1.979678,0
81859,3LOVW8lNXFD9ZAUDvLIOR5,Atif Aslam;Shalmali Kholgade,Tera Naam Doon (Lofi Mix),Tera Naam Doon (Lofi Mix),39,231428,False,0.561,0.404,0,-10.193,1,0.0324,0.735,0.0186,0.164,0.52,139.774,4,pop,0.5508302472822841,0.40205499480705437,0.5184590690208668,0.6094101823553078,0.4904481037034018,False,,,,,,0.0,0
92678,7FMXSSzIRW8aJwUPfzXsa2,Roy Orbison,Mystery Girl,She's a Mystery to Me,52,254960,False,0.431,0.485,0,-11.844,1,0.0279,0.0326,0.27,0.157,0.699,177.329,4,rockabilly,0.39553219448094606,0.4837304508283504,0.7100053504547886,0.8349075013660137,0.5297559985880284,False,2335342.0,67.0,352040.0,82761.0,0.15074445167155318,2.335342,0
26678,0r18bT9WjOsecZfmUhjSmG,Alan Menken;Howard Ashman;Ellen Green,Little Shop Of Horrors,Somewhere That's Green - 1982 Original Cast,21,235533,False,0.434,0.106,7,-20.119,1,0.0463,0.921,9.97e-05,0.327,0.261,110.736,4,disney,0.3991159956994385,0.10156998376574268,0.24130551096843234,0.43505280918441486,0.24733049681120453,False,,,,,,0.0,0
22521,2RvluPimiBzerjtXE87AdI,Gideon,Out of Control,SOUTHWIND,23,249828,False,0.594,0.989,10,-3.246,0,0.131,0.000372,0.000274,0.12,0.186,115.999,4,death-metal,0.5902520606857005,0.9919332882941928,0.16104868913857678,0.4666542574590346,0.5810780127061567,False,135354.0,46.0,18880.0,4082.0,0.1394850578109416,0.135354,0
42513,5XPeGv8zY3kqkxKYAcQRV3,Couple Skate,Human Resources,Masturbation Is My Name,13,118785,False,0.386,0.903,2,-6.518,1,0.166,4.73e-05,0.00846,0.606,0.178,123.354,4,grindcore,0.3417751762035599,0.9052161374567673,0.15248796147672555,0.5108170262334653,0.4664930917123509,False,9876.0,15.0,3068.0,1035.0,0.31062063379568694,0.009876,0
43678,3vpItm0ZKfoWWhMyrUFjPa,HELLYEAH,HELLYEAH,Matter of Time,28,226026,True,0.434,0.984,10,-2.151,0,0.104,0.000553,1.44e-06,0.14,0.324,102.278,4,groove,0.3991159956994385,0.9868915934780634,0.308721241305511,0.3842671262076461,0.5649096101610043,False,768546.0,52.0,232145.0,63377.0,0.30205699846593637,0.768546,0
57626,62xTWuLB2JucUM9lCmr7kj,Ritviz,Mimmi,Aas Paas,47,98412,False,0.633,0.452,7,-9.119,1,0.0531,0.0162,0.151,0.169,0.402,114.058,4,indie,0.6368414765261019,0.4504552650418965,0.3921883360085608,0.45499960971040515,0.4931616925255197,False,1340455.0,55.0,13130.0,2432.0,0.009795174179532936,1.340455,0
6626,6bKp7enSiddwKgfJ49Zkq4,LIK,Carnage,Dr Duschanka,18,264499,False,0.147,0.992,11,-4.652,1,0.0941,3.62e-06,0.0111,0.548,0.123,157.405,4,black-metal,0.0562656791303309,0.9949583051838704,0.09363295880149815,0.7152747338525185,0.38161898103856645,False,897.0,22.0,17192.0,3780.0,19.14476614699332,0.000897,0
53626,6NhxG3vfaRVzFosetdRITN,Years & Years,"Anímate, es viernes",Starstruck,0,207755,False,0.555,0.879,9,-2.484,0,0.0983,0.011,0.0,0.298,0.691,113.852,4,house,0.5436626448452992,0.8810160023393463,0.7014446227929374,0.45376269191740276,0.7087077566591944,True,2044449.0,71.0,475849.0,80246.0,0.2327515957837071,2.044449,0
6513,36BpdNhpc6BuY53BopgMyu,Gehenna,Seen Through The Veils Of Darkness (The Second Spell),Shairak Kinnummh,17,305066,False,0.0999,0.899,9,-2.658,0,0.0599,3.61e-06,0.969,0.319,0.163,158.671,4,black-metal,0.0,0.9011827816038639,0.13643659711075445,0.7228763742697082,0.34587312623820615,False,193230.0,31.0,31078.0,8200.0,0.1608334066480016,0.19323,0
35136,2G1NkbB4TJj6GlMd6CrwvZ,Calcinha Preta,"Ao Vivo no Recife, Vol. 18",Ainda Te Amo,47,251053,False,0.595,0.526,9,-6.173,1,0.0255,0.487,0.0,0.373,0.489,101.98,4,forro,0.5914466610918647,0.5250723483206113,0.48528624933119313,0.3824777985265067,0.5339350862478897,False,1552369.0,67.0,64264.0,13991.0,0.041397347281898,1.552369,0
92740,4iUTK39pDuDaSBLAnkkkfQ,Imelda May,Mayhem,Johnny Got A Boom Boom - Radio Edit,24,157320,False,0.733,0.886,7,-3.523,1,0.0363,0.0236,0.00962,0.285,0.865,110.561,4,rockabilly,0.7563015171425158,0.8880743750819274,0.8876404494382023,0.43400202950589345,0.8440054472208819,False,210725.0,48.0,19610.0,6288.0,0.09305923331719863,0.210725,0
1740,3ZucFCxCGG9Jv1xuPJQF6t,BaianaSystem;ÀTTØØXXÁ,Outras Cidades,Calamatraca (ÀTTØØXXÁ Remix),19,182773,False,0.748,0.626,4,-6.909,0,0.212,0.0135,4.66e-05,0.0385,0.44,149.933,4,afrobeat,0.7742205232349779,0.6259062446431991,0.4328517924023542,0.6704094438073049,0.6109928534268437,False,,,,,,0.0,0
58737,4IfSKs8cR2DAond1rUDIFA,Assemblage 23,Endure,Bravery,23,311851,False,0.566,0.941,10,-7.947,1,0.0314,0.0122,0.0019,0.0727,0.667,130.021,4,industrial,0.5568032493131045,0.9435330180593506,0.6757624398073837,0.55084872975748,0.725366235726613,False,65658.0,37.0,33830.0,5482.0,0.5152378196439178,0.065658,0
100660,38NY49T4OlgIXjOSY1RKz8,Lars Frederiksen and the Bastards,Viking,1%,33,166466,False,0.331,0.992,4,-2.725,0,0.0749,0.000615,0.0,0.21,0.828,181.567,4,ska,0.2760721538645323,0.9949583051838704,0.8480470840021402,0.8603543829521507,0.7063591810168477,False,94764.0,36.0,75794.0,15568.0,0.7998100564554425,0.094764,0
50737,5tCEbEcupMpNzgWcZyLnl0,Dream Evil,The Book of Heavy Metal,Let's Make Rock,21,244000,False,0.464,0.939,5,-3.959,1,0.0748,1.17e-05,0.0031,0.081,0.329,130.051,4,heavy-metal,0.4349540078843626,0.9415163401328989,0.314071696094168,0.5510288634166551,0.5635140147038099,False,158945.0,41.0,96181.0,18222.0,0.6051174612761567,0.158945,0
31859,2CkaHCJGoUlG0u3f69G84H,Farasat Anees,Dill Laggi,Dill Laggi,43,262000,False,0.651,0.647,1,-6.385,0,0.0391,0.0557,0.0837,0.096,0.215,180.07,4,electro,0.6583442838370566,0.6470813628709426,0.19208132691278762,0.8513657133593127,0.499168991206929,False,26309.0,42.0,1578.0,339.0,0.059977194982896234,0.026309,0
28626,20f06VeRkb2nqOwuV3eYik,DM Galaxy;Tyler Fiore,Paralyzed,Paralyzed,44,229776,False,0.539,0.871,9,-4.263,1,0.0549,0.0027,0.00338,0.16,0.144,140.015,4,dub,0.5245490383466731,0.8729492906335392,0.11610486891385767,0.6108572560840142,0.5045343992980234,False,,,2.0,1.0,1.0,0.0,0
66859,4VX39ulMXYlgBivW2UHdze,Desmond Dennis,Desmond Cool Jams,Brush Your Teeth,9,173798,False,0.765,0.423,10,-6.311,0,0.0412,0.517,0.0,0.35,0.737,127.823,4,kids,0.7945287301397681,0.42121343510834597,0.7506688068485822,0.5376509369952505,0.655470324032232,False,37219.0,29.0,36.0,24.0,0.0009672219236969372,0.037219,0
98859,4JloN5dBiVokxofXYFcmGR,Alan Menken;Disney,The Little Mermaid,"Main Titles - The Little Mermaid - From ""The Little Mermaid""/Score",47,86186,False,0.203,0.183,7,-16.966,1,0.0348,0.812,0.873,0.27,0.182,89.598,4,show-tunes,0.12316330187552266,0.17921208393413526,0.15676832530765117,0.3081306329296338,0.1530479037057697,False,,,,,,0.0,0
107521,3hxRKXzZS0XRYGZ123JDNH,Synapson;Victor Démé,Convergence,Djon maya maï (feat. Victor Démé),64,194706,False,0.79,0.647,8,-6.732,0,0.0375,0.2,0.109,0.0766,0.749,105.012,4,synth-pop,0.8243937402938717,0.6470813628709426,0.7635098983413591,0.4006833070138042,0.7449950005020578,False,,,2.0,1.0,1.0,0.0,0
18411,6gvzZ0E4uTFXRqCQDc8Z0R,Greg Proops,In the Ball Park,A Basket of Kisses,22,334656,True,0.501,0.473,1,-16.415,1,0.889,0.601,0.0,0.776,0.71,89.093,4,comedy,0.47915422291243576,0.47163038326963985,0.7217763509898342,0.30509838300018616,0.5575203190573033,False,6094.0,18.0,372.0,215.0,0.06103363412633306,0.006094,0
80626,3WVHfTd7xz9VPYJQFpOp8j,Sonu Nigam;Shreya Ghoshal,Soulful Sonu Nigam Specials,Main Agar Kahoon,59,308158,False,0.533,0.436,5,-7.521,0,0.0276,0.234,3.17e-06,0.46,0.371,146.868,3,pop-film,0.5173814359096882,0.4343218416302824,0.3590155163188871,0.6520057882949148,0.4369062646196193,False,,,12.0,4.0,6.0,0.0,0
75660,7o9RE92xHlgmGpjA2o3DMT,Maire Brennan,Perfect Time,Perfect Time,48,285773,False,0.18,0.273,10,-15.523,1,0.0361,0.847,3.09e-05,0.173,0.103,171.833,4,new-age,0.09568749253374745,0.2699625906244643,0.07223113964686999,0.801907015005134,0.14596040760169393,False,34994.0,46.0,14880.0,3599.0,0.4252036005143592,0.034994,0
71660,5FZxsHWIvUsmSK1IAvm2pp,Foo Fighters,In Your Honor,Best of You,76,255626,False,0.366,0.94,1,-5.119,0,0.0696,0.000769,9.42e-05,0.188,0.369,130.198,4,metal,0.3178831680802771,0.9425246790961248,0.35687533440342434,0.5519115183466132,0.5390943938599421,False,13092053.0,78.0,14161656.0,1718482.0,1.0816985631131677,13.092053,1
35737,32ufNAwm8N7yHwbLa4Ch4t,Kara Veia,A Cara Metade das Vaquejadas,Agora É Minha Vez,39,174893,False,0.785,0.774,7,-4.631,1,0.0973,0.304,0.0,0.0591,0.933,88.057,4,forro,0.8184207382630511,0.7751404112006292,0.960406634563938,0.2988777673033391,0.8513225946758728,False,195815.0,47.0,5041.0,2132.0,0.02574355517424521,0.195815,0
43136,3w5x1B7KOXuZ1zUZANmyn4,Preto no Branco;Kennto,Ninguém Explica Deus (Preto no Branco) [Kennto Remix],Ninguém Explica Deus (Preto no Branco) [Kennto Remix],41,173280,False,0.64,0.903,4,-6.138,0,0.171,0.0197,0.000142,0.167,0.38,125.095,4,groove,0.645203679369251,0.9052161374567673,0.3686463349384698,0.5212707829209273,0.6396887172548295,False,,,,,,0.0,0
40411,7tztN3e5IFxhOYV7KQgsuu,Marquinhos Gomes,Ele Não Desiste de Você (Ao Vivo no Via Show Rio de Janeiro),Não Morrerei - Ao Vivo,42,327826,False,0.348,0.604,11,-6.371,1,0.038,0.453,0.0,0.573,0.481,127.841,4,gospel,0.2963803607693226,0.6037227874522298,0.4767255216693419,0.5377590171907556,0.4589428899636315,False,957550.0,53.0,3164.0,857.0,0.0033042626450183856,0.95755,0
34626,4fN0dQGDaV4Hg7Gd7mBOE0,The Head And The Heart,The Head and the Heart,Rivers and Roads,57,284000,False,0.5,0.197,0,-8.93,1,0.0354,0.717,3.22e-05,0.0755,0.177,131.243,3,folk,0.4779596225062716,0.19332882941929758,0.15141787051899414,0.5581861741412129,0.27423544081485446,False,1153365.0,65.0,4044479.0,471348.0,3.506674377430928,1.153365,0
106660,0Kk7kohYw6pxdD6EqFN6xG,Håkan Hellström,Du gamla du fria,Pärlor,36,313726,False,0.527,0.87,2,-5.746,1,0.108,0.355,0.000109,0.383,0.306,119.999,4,swedish,0.5102138334727033,0.8719409516703134,0.28945960406634563,0.49067207868238233,0.5572047964031208,False,319164.0,59.0,50600.0,7575.0,0.1585386868860934,0.319164,0
61411,3BLav8QKSWmODwpHgFFTzI,Shiritsu Ebisu Chugaku,金八,バタフライエフェクト,22,267826,False,0.519,0.978,1,-1.542,1,0.0868,0.00558,0.008,0.218,0.726,169.025,4,j-idol,0.5006570302233901,0.9808415596987081,0.7388978063135367,0.7850465045063437,0.740132132078545,False,67590.0,41.0,3956.0,447.0,0.05852850231539702,0.06759,0
67136,1F4sE8N4KROqjI5GeBDiDQ,J Balvin,Perreo Tenebroso Vol. 4,Reggaeton,0,158800,False,0.747,0.74,4,-4.325,0,0.191,0.0165,9.94e-05,0.101,0.552,176.062,4,latin,0.7730259228288137,0.7408568864509493,0.552701979668272,0.8272998564935183,0.6888615963160115,False,39404319.0,88.0,625053.0,95457.0,0.01586255009603008,39.404319,0
80740,102YVYHLNfgkfQP3qvDqsD,D. Imman;VV Prassanna;Vandana Srinivasan,Rummy (Original Motion Picture Soundtrack),Koodamela Koodavechi,58,300373,False,0.694,0.695,4,-5.035,0,0.0276,0.324,0.0,0.177,0.668,120.057,4,pop-film,0.7097121013021144,0.6954816331057847,0.6768325307651152,0.4910203370901209,0.6940087550576713,False,,,,,,0.0,0
76678,7sqWXHDZ4lNBNZB1JUxlrl,José Carreras,Recital de Canciones,Aquellos Ojos Verdes,20,224266,False,0.276,0.227,3,-14.881,1,0.0438,0.991,0.343,0.131,0.128,113.819,4,opera,0.21036913152550474,0.22357899831607392,0.09898341359015518,0.4535645448923101,0.17764384781057796,False,166391.0,47.0,597.0,334.0,0.0035879128804269435,0.166391,0
67859,5br09BQU134gRX5M6HMnmr,Ozuna;TINI,OzuTochi,Un Reel,62,203840,False,0.715,0.744,9,-4.963,1,0.0487,0.233,0.000159,0.122,0.746,163.005,4,latin,0.7347987098315611,0.7448902423038527,0.7602996254681649,0.7488996835652053,0.7466628592011929,False,,,,,,0.0,0
78521,3a6s9pfIqMoZ4ot7WiwIl5,Anstandslos & Durchgeknallt,Party EP,Schnaps,28,142320,False,0.918,0.67,7,-8.089,1,0.103,0.188,0.000176,0.0722,0.634,119.985,4,party,0.9773025922828813,0.6702731590251378,0.6404494382022472,0.4905880163081006,0.7626750631700888,False,136284.0,53.0,955.0,272.0,0.0070073742524856,0.136284,0
27513,2Csh5mBrKsQz7STqTg1ow6,Logistics;Holly Drummond,Electric Sun,Still Life,18,254627,False,0.517,0.699,10,-4.174,0,0.055,0.00269,0.258,0.0763,0.222,173.994,4,drum-and-bass,0.498267829411062,0.6995149889586882,0.1995719636169075,0.8148826429210474,0.46578492732888593,False,,,18.0,3.0,9.0,0.0,0
23513,3fvsxmytTns1ApIWBqfANZ,Jess Bays;Poppy Baskcomb,Temptation (feat. Poppy Baskcomb),Temptation (feat. Poppy Baskcomb),63,172197,False,0.744,0.703,3,-8.111,0,0.048,0.0195,0.00449,0.141,0.819,125.023,3,deep-house,0.7694421216103213,0.7035483448115917,0.8384162653825575,0.520838462138907,0.77046891060149,False,,,1.0,1.0,0.5,0.0,0
67678,5AwXAAPFy9Jxfx4ZwkPsJe,Kevin Roldan;Bryant Myers;Lyanno,Halloween 2022 Perreo Vol. 1,Hasta Abajo,0,229826,False,0.714,0.671,5,-5.119,1,0.362,0.292,0.0,0.325,0.641,169.727,4,latin,0.7336041094253971,0.6712814979883637,0.6479400749063671,0.7892616321310413,0.6842752274400427,False,,,7.0,4.0,3.5,0.0,0
89626,7ytbVby5rfR6JtS6LX9UDo,Adassa,Tropical Vibes,Llego el bailador,0,223043,False,0.706,0.796,4,-4.597,0,0.0374,0.133,1.3e-06,0.0782,0.793,149.986,4,reggaeton,0.7240473061760839,0.7973238683915984,0.810593900481541,0.6707276799385142,0.7773216916830744,True,11524.0,55.0,167.0,24.0,0.014490238611713667,0.011524,0
740,1T7Tqsfkz0Ntbwta2hHebY,Days N Daze,Rogue Taxidermy,Fate of a Coward,28,175046,False,0.583,0.534,2,-11.147,0,0.0411,0.569,0.0,0.351,0.943,123.094,4,acoustic,0.577111456217895,0.5331390600264184,0.9711075441412521,0.5092558678539476,0.6937860201285218,False,152763.0,43.0,2052.0,440.0,0.013432484093110942,0.152763,0
626,1CtfA9JkJ5cJQgpO7wEj4V,Beyond The Guitar,"Guitar Covers, Vol. 2","He's A Pirate (From ""Pirates of the Caribbean"")",30,163813,False,0.57,0.454,2,-7.613,0,0.0987,0.881,0.889,0.0983,0.381,101.476,4,acoustic,0.5615816509377611,0.45247194296834825,0.3697164258962012,0.37945155305236483,0.4612566732674368,False,24720.0,37.0,3699.0,877.0,0.1496298693418551,0.02472,0
91660,1NhPKVLsHhFUHIOZ32QnS2,OneRepublic,Waking Up,Secrets,76,224693,False,0.516,0.764,2,-6.223,1,0.0366,0.0717,0.0,0.115,0.376,148.021,4,rock,0.49707322900489787,0.7650570215683703,0.36436597110754415,0.6589289252625448,0.5421654072269374,False,18863937.0,83.0,7930020.0,963718.0,0.4203798803834067,18.863937,1
58660,6XN91pyNTEtP2o1SZY5Cwk,Marilyn Manson,Antichrist Superstar,Antichrist Superstar,51,314266,False,0.384,0.833,11,-9.797,0,0.0779,0.000777,0.00489,0.18,0.357,172.015,4,industrial,0.3393859753912316,0.8346324100309559,0.34403424291064744,0.8029998258707962,0.5060175427776117,False,5014751.0,73.0,1511736.0,237447.0,0.30145777896893006,5.014751,0
36513,0BKzMLvouXW9khQeFiOOTz,MR TOUT LE MONDE,For Real,For Real,55,181732,False,0.421,0.724,2,-6.747,1,0.0328,0.0175,0.0254,0.182,0.262,179.992,3,french,0.3835861904193047,0.7247234630393352,0.24237560192616375,0.8508973658454573,0.4502284184616012,False,53462.0,57.0,18130.0,6841.0,0.33911303144230587,0.053462,0
21678,5Wwr2S7QZTR5PVJn6jhgdk,Chronixx,Dread & Terrible,Here Comes Trouble,59,234586,False,0.758,0.786,4,-4.897,0,0.108,0.156,0.0,0.0658,0.786,83.495,4,dancehall,0.7861665272966192,0.7872404787593397,0.8031032637774211,0.27148544219811105,0.79217008994446,False,645829.0,63.0,423300.0,70280.0,0.6554356409581469,0.645829,0
47513,7n3WO6ESKS1uCI9fgkGs66,Ten Years After,A Space in Time (Deluxe Version),I'd Love to Change the World - 2004 Remaster,67,224133,False,0.383,0.516,9,-12.032,0,0.0344,0.202,0.193,0.114,0.371,118.144,4,hard-rock,0.33819137498506746,0.5149889586883526,0.3590155163188871,0.47953381409005486,0.404065283330769,False,630924.0,57.0,2278199.0,386889.0,3.61088718944407,0.630924,0
44859,05tn6MGYoFRaXPYQpZmPcc,Red,Until We Have Faces,Faceless,52,203520,False,0.293,0.904,11,-4.155,0,0.0736,1.92e-05,0.0,0.103,0.294,172.168,4,grunge,0.23067733843029503,0.9062244764199933,0.27661851257356873,0.8039185075325892,0.471173442474619,False,4553.0,21.0,675196.0,88512.0,148.26438296003514,0.004553,0
47136,1uOe9m9bAiAY4kGnGDu1Ns,Los Prisioneros,Rock un sentimiento vol. I,Amiga Mía,0,244053,False,0.79,0.606,4,-7.699,1,0.0519,0.014,0.00488,0.133,0.903,135.276,4,hard-rock,0.8243937402938717,0.6057394653786816,0.9283039058319958,0.5824021423896533,0.7861457038348497,True,2534731.0,66.0,462670.0,49755.0,0.18253211779391273,2.534731,0
54859,3nSfJkSb7xRtrtJMKohXGc,Plaid;Björk,Not For Threes,Lilith,37,278933,False,0.744,0.499,3,-12.428,0,0.0359,0.0986,0.295,0.178,0.668,101.008,4,idm,0.7694421216103213,0.49784719631351276,0.6768325307651152,0.3766414679692332,0.6480406162296498,False,,,,,,0.0,0
59678,5vsqY1n8gOnkKvaGQjShpm,XERXES THE DARK,The Rise Of A.I.,The Rise of A.I.,0,206614,True,0.456,0.405,2,-11.919,1,0.0453,0.0394,0.269,0.112,0.06,80.052,4,iranian,0.42539720463504954,0.4030633337702802,0.026217228464419484,0.2508121025801145,0.28489258895658304,False,1494.0,8.0,252.0,35.0,0.16856187290969898,0.001494,0
69521,2ShHalvH8qi6kQAtOcKPxp,Dopeboyghost,Not No Malayalam Rapper,Not No Malayalam Rapper,26,236000,False,0.561,0.351,6,-13.609,0,0.335,0.713,0.000714,0.11,0.629,176.137,4,malay,0.5508302472822841,0.34861302975608277,0.6350989834135902,0.8277501906414559,0.511514086817319,False,7645.0,15.0,60.0,36.0,0.007847240387130526,0.007645,0
35740,321DjnyGYXuthUVFzixLdw,Kiko Chicabana,Do Sunrise Ao Sunset,Cê Volta ou Não,39,148689,False,0.669,0.894,7,-3.775,1,0.0304,0.013,0.0,0.0998,0.602,139.991,4,forro,0.679847091148011,0.8961410867877344,0.6062065275548422,0.6107131491566744,0.7273982351635292,False,400548.0,56.0,368.0,169.0,0.0009187390306803912,0.400548,0
97136,5MelKhNFnoYM6W43IhPAs0,Henrique & Juliano,Manifesto Musical (Ao Vivo),Culpados - Ao Vivo,53,160407,False,0.495,0.515,3,-5.5,0,0.0341,0.662,0.0,0.302,0.451,104.009,4,sertanejo,0.47198662047545087,0.5139806197251268,0.4446227929373997,0.39466083834204985,0.47686334437932576,False,30775850.0,87.0,59882.0,11170.0,0.0019457463580779617,30.77585,0
94660,29c5U8gKc38Ck9j10g4A8K,Josh Golden,used to,used to,49,181090,True,0.622,0.723,7,-5.221,0,0.0514,0.394,0.0,0.61,0.446,139.95,4,sad,0.6237008720582964,0.7237151240761093,0.43927233814874267,0.6104669664891349,0.5955627780943827,False,48445.0,45.0,55325.0,7373.0,1.141993147009041,0.048445,0
94740,0I1EHCAxMY9n2KTjiZik54,PmBata,circus,circus,53,138707,True,0.719,0.621,0,-4.259,0,0.194,0.358,0.0,0.144,0.834,151.929,4,sad,0.7395771114562177,0.6208645498270697,0.8544676297485286,0.6823943365977556,0.7383030970106054,False,77689.0,39.0,167232.0,7926.0,2.1525550263869224,0.077689,0
30136,6j1yDGV547WxP9NZQ44pUd,Avicii,Autopilot,Wake Me Up - Radio Edit,1,246813,False,0.524,0.807,2,-4.16,1,0.0579,0.00415,0.000834,0.212,0.62,124.127,4,edm,0.506630032254211,0.8084155969870831,0.6254681647940076,0.5154584701848772,0.6468379313451006,False,23486536.0,81.0,13192802.0,1539587.0,0.5617176342344552,23.486536,0
25626,7bYHsaXYjBjjMzFLnn6pEI,Con Funk Shun,The Best Of Con Funk Shun,Chase Me,31,338200,False,0.937,0.652,9,-11.545,0,0.0748,0.0111,0.000713,0.0606,0.9,123.56,4,disco,1.0,0.652123057687072,0.9250936329588016,0.5120539440264678,0.8590722302152912,False,416743.0,45.0,61391.0,26109.0,0.14731105906743708,0.416743,0
2678,44agmNQypTCFKc2dpVonDy,Los Estramboticos,!!Puro Macanazo!!,El Recuento de los Daños,47,271733,False,0.824,0.696,7,-6.716,1,0.0774,0.188,0.0,0.112,0.818,135.044,4,alt-rock,0.8650101541034523,0.6964899720690105,0.8373461744248262,0.581009108758699,0.7996154335324297,False,546537.0,53.0,547.0,136.0,0.0010008453209108972,0.546537,0
62740,35RtQbgQUW1GsE4ro9dSqo,go!go!vanillas,Kameleon Lights,カウンターアクション,37,272866,False,0.402,0.888,4,-3.47,1,0.0437,0.000131,1.22e-06,0.0653,0.735,147.868,4,j-pop,0.3608887827021861,0.8900910530083792,0.7485286249331193,0.6580102436007518,0.6665028202145615,False,273772.0,52.0,8542.0,1055.0,0.03120103151150771,0.273772,0
4513,4rYMgi9PpmYY7pfgx4EahN,Aukai,Aukai,Alto Paraíso,55,146322,False,0.565,0.251,5,-16.988,0,0.0882,0.957,0.754,0.101,0.31,134.852,1,ambient,0.5556086489069405,0.24777913343349497,0.2937399678972713,0.5798562533399783,0.3657092500792356,False,54198.0,53.0,56787.0,17772.0,1.047749958486319,0.054198,0
10626,2lsnaNYNdxcFttAfS8eIzY,The Chemical Brothers,Surrender (20th Anniversary Edition),The Diamond Sky,12,218640,False,0.193,0.974,4,-4.237,1,0.0501,0.0242,0.757,0.0586,0.534,190.342,3,breakbeat,0.11121729781388126,0.9768082038458047,0.5334403424291065,0.9130434782608696,0.5404886146962642,False,2262559.0,64.0,42319.0,17617.0,0.018704034368149353,2.262559,0
5678,72AlDuv7nkBb9DvWPNgIw1,Rustage;HalaCG,Goodbye (Yuta Rap),Goodbye (Yuta Rap),43,207031,False,0.735,0.651,4,-5.897,0,0.315,0.262,0.0,0.133,0.163,80.08,4,anime,0.7586907179548441,0.6511147187238461,0.13643659711075445,0.25098022732867786,0.5154140112631481,False,,,,,,0.0,0
44740,3CtphwpjC0XjIVpLFvGiQR,Temple Of The Dog,Temple Of The Dog (Deluxe Edition),Hunger Strike - 25th Anniversary Mix,62,246266,False,0.384,0.735,7,-6.522,1,0.0317,0.0252,2.76e-05,0.114,0.312,137.834,4,grunge,0.3393859753912316,0.7358151916348198,0.2958801498127341,0.5977615390619839,0.45702710561292853,False,1427751.0,58.0,549869.0,138190.0,0.3851292101149219,1.427751,0
21660,3N3PWNgtiqsdLY5PQTKw6w,Olamide,UY Scuti,Rock,52,185769,True,0.917,0.628,1,-7.542,1,0.188,0.362,0.273,0.102,0.828,103.993,4,dancehall,0.976107991876717,0.6279229225696509,0.8480470840021402,0.39456476705715643,0.8173593328161693,False,4465358.0,71.0,43530.0,8005.0,0.0097483763343552,4.465358,0
12521,1TAz93GRvOHAuKfmoXjWsp,Stephy Tang,Dating Stephy,電燈膽,46,214041,False,0.6,0.569,5,-6.257,0,0.0309,0.846,0.0,0.163,0.537,112.996,4,cantopop,0.5974196631226854,0.568430923739324,0.5366506153023007,0.44862287817560625,0.5675004007214367,False,57664.0,46.0,26086.0,1777.0,0.4523714558224226,0.057664,0
48740,6emdbcRTZnIRizDP5gOnNy,Good Riddance,For God and Country,Mother Superior,31,186000,False,0.474,0.829,9,-11.658,1,0.0387,0.00136,1.16e-05,0.345,0.687,100.786,4,hardcore,0.446900011946004,0.8305990541780524,0.6971642589620118,0.3753084788913374,0.6582211083620227,False,112137.0,40.0,101594.0,28891.0,0.9059729975565821,0.112137,0
72740,2b0X8G7Sx9ej3MOeKsYuhC,A Day To Remember,Homesick (Special Edition),Another Song About The Weekend,26,225653,False,0.443,0.941,0,-4.824,1,0.0648,2.39e-05,0.0,0.0965,0.644,163.007,4,metalcore,0.40986739935491573,0.9435330180593506,0.6511503477795614,0.748911692475817,0.6681835883979427,False,2535807.0,70.0,1304609.0,142517.0,0.5144746763161879,2.535807,0
108513,3HLe2VqwHOLtyR4limNaYK,Astor Piazzolla,Piazzolla 4 Seasons of Buenos Aires,Libertango,19,249466,False,0.415,0.527,9,-12.271,0,0.0651,0.872,0.291,0.714,0.509,157.862,4,tango,0.37641858798231986,0.5260806872838373,0.5066880684858214,0.718018769927286,0.46972911458399286,False,395479.0,50.0,596925.0,126457.0,1.509368362496207,0.395479,0
7740,7lwsIGpnNu6Qp4lv76FDAz,Yonder Mountain String Band,"Mountain Tracks, Vol. 6",No Rain,22,251693,False,0.433,0.47,9,-11.916,1,0.0289,0.0909,0.0106,0.675,0.65,78.639,4,bluegrass,0.39792139529327436,0.46860536637996225,0.6575708935259498,0.24232780723296687,0.508032551733062,False,157634.0,41.0,2120.0,816.0,0.013448789926095094,0.157634,0
66521,5sXJukxMUBd2CX8nmwYHbD,Babyboomboom,English and Mandarin Chinese,This Little Piggy (Zhè Zhī Xiǎo Xhū),12,53186,False,0.717,0.173,6,-15.703,1,0.946,0.735,0.0,0.161,0.518,94.301,5,kids,0.7371879106438894,0.16912869430187646,0.516318887105404,0.3363695862329849,0.4742118306837233,False,3006.0,18.0,129.0,34.0,0.04289990023279015,0.003006,0
38737,4gtcLQl5FiAhMl2ccal0XA,Dune Rats,Bullshit,Bullshit,26,180581,True,0.499,0.967,11,-6.476,1,0.105,9.19e-05,0.0,0.352,0.419,139.002,4,garage,0.47676502210010746,0.9697498311032234,0.41037988228999467,0.6047747428592016,0.6189649118311086,False,131772.0,39.0,123427.0,19504.0,0.9366638082156435,0.131772,0
76737,3b9Dae2aPvOGKNOcdhj9CP,Giacomo Puccini;Luciano Pavarotti;Tom Krause;Pier Francesco Poli;Piero de Palma;John Alldis Choir;London Philharmonic Orchestra;Zubin Mehta,Puccini: Turandot,Turandot / Act 3: Nessun dorma!,42,402040,False,0.242,0.356,2,-13.189,1,0.046,0.971,0.0306,0.161,0.152,89.202,4,opera,0.16975271771592398,0.35365472457221214,0.12466559657570896,0.3057528686285224,0.21602434628794834,False,,,,,,0.0,0
43660,76AMW7PQUbQZucnM2NHZO5,Sonny Fodera;Dom Dolla,Moving Blind,Moving Blind,40,192983,False,0.909,0.877,2,-6.683,1,0.117,0.0174,0.000466,0.0761,0.363,121.998,4,groove,0.9665511886274041,0.8789993244128945,0.3504547886570359,0.5026749848387504,0.7320017672324447,False,,,1.0,1.0,0.5,0.0,0
46513,5ENZmalv3TTuZyZpihKyg1,Gammer;Linney,Better Together,Underneath (feat. Linney),35,161333,False,0.546,0.949,4,-4.353,0,0.0534,0.00652,0.00256,0.192,0.246,134.956,4,happy,0.532911241189822,0.9515997297651577,0.22525414660246124,0.5804807166917854,0.5699217058524804,False,,,,,,0.0,0
48737,0xdfqjP4mkQdHvZtRXG5KG,Los Prisioneros,"Estadio Nacional (En Vivo, Remasterizado 2019)",La Voz de los '80 (En Vivo),32,286017,False,0.426,0.959,1,-5.674,0,0.0745,0.00784,0.0,0.929,0.465,158.298,4,hardcore,0.38955919245012544,0.9616831193974165,0.45960406634563944,0.720636712440631,0.6036154593977271,False,2534731.0,66.0,3924.0,1507.0,0.00154809265831654,2.534731,0
32859,4kJWtxDDNb9oAk3h7sX3N4,deadmau5,Strobe,Strobe,45,634151,False,0.436,0.524,8,-7.754,0,0.038,0.00947,0.901,0.114,0.0365,128.02,4,electronic,0.4015051965117668,0.5230556703941597,0.0010700909577314108,0.5388338146905005,0.30854365262121924,False,2854959.0,67.0,2584097.0,314391.0,0.9051254658559139,2.854959,0
63626,1OAp6qN5KmoGUQ2edICKsC,DECO*27,GHOST,Ghost Rule,61,210000,False,0.564,0.894,2,-4.596,1,0.0601,0.0279,0.0,0.281,0.472,104.955,4,j-rock,0.5544140485007765,0.8961410867877344,0.4670947030497592,0.4003410530613715,0.6392166127794233,False,1232738.0,64.0,1633301.0,169557.0,1.3249365843053558,1.232738,0
82513,2bmpohm2ZVk5fDCfX5gAwU,Dan Vapid & the Cheats,Three,Silver Lining,22,162214,False,0.487,0.93,4,-5.927,1,0.0603,0.00156,3.63e-06,0.369,0.743,139.923,4,power-pop,0.4624298172261378,0.9324412894638661,0.7570893525949707,0.6103048461958773,0.7173201530949914,False,6274.0,14.0,2576.0,818.0,0.4105179282868526,0.006274,0
54136,7KDZ0tye2U1ImgVbr36eKp,Dither,Defqon.1 2022,Rave Machine,16,228631,False,0.641,0.968,8,-0.539,1,0.116,0.062,0.134,0.312,0.193,95.003,4,idm,0.6463982797754151,0.9707581700664494,0.16853932584269665,0.34058471385768246,0.595231925228187,False,30816.0,40.0,24462.0,4543.0,0.7937826524320991,0.030816,0
73740,6DtlUctTWpkUDd7nrMWjPw,Dominik Eulberg,Mannigfaltig,Fünffleck-Widderchen,19,548000,False,0.567,0.643,8,-10.134,0,0.129,0.487,0.898,0.106,0.251,120.008,4,minimal-techno,0.5579978497192688,0.6430480070180391,0.23060460139111827,0.4907261187801349,0.4772168193761421,False,152256.0,46.0,12755.0,3838.0,0.08377283146259286,0.152256,0
61678,1whNGQGAy6lvLTo7IHkqAz,Wasuta,我々はネコである。,オーダーメイドとレディーメイド,19,207100,False,0.68,0.907,1,-3.031,0,0.0498,0.0917,2.33e-06,0.216,0.689,130.035,4,j-idol,0.6929876956158165,0.9092494933096709,0.6993044408774746,0.5509327921317617,0.7671805432676541,False,35314.0,34.0,2471.0,496.0,0.06997026759167492,0.035314,0
87740,0AzUzlm33acEPEebIv4QHR,Vera Loca,Vera Loca (Ao Vivo),Graffiti - Ao Vivo,42,227480,False,0.415,0.877,1,-5.395,0,0.0305,0.221,0.0,0.97,0.571,96.804,4,r-n-b,0.37641858798231986,0.8789993244128945,0.5730337078651685,0.3513987378634948,0.6094838734201277,False,74876.0,45.0,39645.0,7249.0,0.5294683280580151,0.074876,0
99660,2QFyOnJfJ49OnNgMvKXvTM,Sydney Rose,Turning Page,Turning Page,67,218451,False,0.404,0.0182,2,-20.969,1,0.0414,0.964,0.00037,0.108,0.114,109.107,4,singer-songwriter,0.3632779835145144,0.0130378227945106,0.08400214018191549,0.4252715514912065,0.15343931549698017,False,388123.0,65.0,671576.0,110231.0,1.7303129927548928,0.388123,0
