index,track_id,artists,album_name,track_name,popularity,duration_ms,explicit,danceability,energy,key,loudness,mode,speechiness,acousticness,instrumentalness,liveness,valence,tempo,time_signature,track_genre,danceability_s,energy_s,valence_s,tempo_s,quality_index,hidden_gem
78859,7gzdjkagK3pTVW8jYjcYBF,Micha von der Rampe,Partyanimal,Partyanimal,64,139159,False,0.814,0.74,0,-5.738,1,0.145,0.165,0.0,0.111,0.7,138.069,4,party,0.8263959390862943,0.74,0.7035175879396984,0.5673167003599427,0.7566378423419975,False
91411,1ihSSnA4d0dcxQouy7gtNJ,Juanes,Retro Baladas,Es Por Ti,0,251120,False,0.694,0.761,4,-6.066,1,0.0263,0.176,3.63e-05,0.123,0.866,129.953,4,rock,0.7045685279187817,0.761,0.8703517587939698,0.5339685748565981,0.7786400955709172,True
28136,0ntQOeCxfO9wuGJXFv5D6d,MYRNE;JPB;Yung Fusion,Feels Right (Radio Edit),Feels Right,49,199187,False,0.447,0.948,9,-2.503,0,0.307,0.053,8.68e-05,0.882,0.677,89.928,4,dub,0.45380710659898477,0.948,0.6804020100502512,0.3695084068832898,0.6940697055497452,False
104521,6xRglH0lCDxiHEjbDRxT3v,Natos y Waor;Recycled J,Luna llena,Hasta que salga el sol,59,247000,False,0.903,0.476,2,-8.298,1,0.0532,0.00193,0.0343,0.285,0.825,119.974,4,spanish,0.916751269035533,0.476,0.829145728643216,0.49296550137238465,0.740632332559583,False
33740,3DLPg2D9Q6XZ4RlUU9B00r,PXNDX,Bonanza,"Ilusión, Oh ilusión",36,291280,False,0.345,0.622,8,-5.065,1,0.0293,0.0272,0.000155,0.0942,0.429,147.943,4,emo,0.3502538071065989,0.622,0.4311557788944723,0.6078883355521588,0.46780319533369036,False
10136,56jlrdCvA7Ih13L9OMcfDS,Propellerheads;Shirley Bassey,Decksandrumsandrockandroll 20th anniversary,History Repeating - Knee Length Mix,52,242533,False,0.717,0.829,10,-5.432,0,0.0367,0.00261,0.0147,0.106,0.729,144.04,4,breakbeat,0.7279187817258882,0.829,0.7326633165829145,0.591851157898197,0.7631940327696008,False
52626,3phaRmdQXoC0UqSnM4EBrI,The Dirt Drifters,This Is My Blood,Sun Goes Down,12,231080,False,0.463,0.747,7,-4.651,1,0.033,0.00983,0.000787,0.423,0.201,138.574,4,honky-tonk,0.4700507614213198,0.747,0.20201005025125626,0.5693917130976448,0.4730202705575253,False
5626,0YFvHkxJVGYLioe26UH7xv,Kato,Attack on Titan Vibes,Youseebiggirl/T:t,45,112299,False,0.242,0.49,9,-11.905,0,0.0641,0.756,0.784,0.0719,0.275,38.281,4,anime,0.24568527918781724,0.49,0.27638190954773867,0.15729418339003665,0.3373557295785186,False
75740,3JBxa7RgpzPuY2Tsp8OH9F,Clannad,Banba,Banba Oir - Remastered,22,206746,False,0.458,0.623,10,-13.421,0,0.0295,0.596,0.111,0.115,0.615,160.308,4,new-age,0.4649746192893401,0.623,0.6180904522613064,0.6586953306049997,0.5686883571835488,False
24521,0OJ832WC1epHirYTRBgJ9Z,Octave One;Ann Saunderson,Burn It Down,Jazzo/Lose Myself - Original Mix,5,402796,False,0.845,0.539,9,-5.687,1,0.0447,0.0112,0.0194,0.059,0.587,124.975,4,detroit-techno,0.8578680203045684,0.539,0.5899497487437185,0.5135142908798054,0.6622725896827624,False
90513,73BIHNAuJtxFTbuRK2y2sG,Ramon Marquez,Lo Mejor Para Bailar Con Ramón Márquez,Clases De Cha Cha Chá,32,185817,False,0.78,0.789,8,-7.956,1,0.049,0.842,0.0,0.0612,0.887,128.795,4,rock-n-roll,0.7918781725888324,0.789,0.8914572864321607,0.5292104268362835,0.8241118196736643,False
8626,1Ta6e4rjUBexrZ6SQkCNPF,Jesper Munk,Head In The Clouds,Head In The Clouds,36,228905,False,0.594,0.384,5,-11.796,1,0.0418,0.861,0.575,0.126,0.462,77.823,4,blues,0.6030456852791878,0.384,0.464321608040201,0.3197697352201568,0.4837890977731296,False
73737,676Oa6y0HElaXvynyUu9im,Alec Troniq,Ipoly Mate 003,At What Cost,19,419091,False,0.803,0.448,1,-10.967,0,0.0574,0.00753,0.208,0.111,0.338,121.013,4,minimal-techno,0.8152284263959391,0.448,0.33969849246231154,0.4972346859951022,0.5343089729527501,False
77740,0ONoYJqSkvUFp2wmNvH2kW,Zeca Pagodinho;Xande De Pilares,Mais Feliz,Dependente Do Amor,44,224376,False,0.694,0.566,11,-11.181,0,0.0637,0.271,0.0,0.215,0.887,90.049,4,pagode,0.7045685279187817,0.566,0.8914572864321607,0.3700055881531154,0.7206752714503141,False
103859,3Zcv9IeYgCvEhxFTfsduaQ,88GLAM,88GLAM2,Lil Boat,63,180813,True,0.764,0.672,6,-4.274,0,0.0655,0.0166,1.06e-06,0.103,0.594,150.021,4,soul,0.7756345177664974,0.672,0.5969849246231155,0.6164267047975938,0.681539814129871,False
90136,2u1NjJFN4emN0o6AJHogGU,Ike & Tina Turner,60s Christmas Party,River Deep - Mountain High,0,215720,False,0.377,0.763,3,-6.866,1,0.0387,0.777,0.00125,0.157,0.302,83.267,4,rock-n-roll,0.38274111675126904,0.763,0.30351758793969846,0.34213878342619525,0.48308623489698915,False
44678,49t1GWE6ZiEoBgN92oMDdM,Hole,Live Through This,Doll Parts,60,211960,False,0.245,0.542,7,-7.159,1,0.0324,0.147,4.05e-06,0.102,0.365,204.824,4,grunge,0.24873096446700504,0.542,0.36683417085427134,0.8416087306674557,0.3858550451070921,False
82411,0IjjGQAWS5Xnlp0lHnd3Ko,The Lemonheads,Varshons 2,Things,23,165720,False,0.416,0.606,6,-8.296,0,0.0286,0.0667,0.00357,0.12,0.583,147.178,4,power-pop,0.4223350253807106,0.606,0.585929648241206,0.6047449994247489,0.5380882245406389,False
61660,1M03pPTmDxCe6PuYTOWY9m,Akina Nakamori,コンプリート・シングル・コレクションズ〜ファースト・テン・イヤーズ<ライノ・プレミアム・エディション>,少女A,20,213813,False,0.588,0.79,0,-5.651,1,0.0449,0.00518,7.9e-05,0.0374,0.655,145.916,4,j-idol,0.5969543147208121,0.79,0.6582914572864321,0.5995595220485511,0.6817485906690814,False
42136,1jUhGlGqCa3fQAAlAA9c8x,Insult,Emobashing Fastcore Pimps,External,17,59600,False,0.209,0.981,6,-5.707,0,0.163,8.97e-05,0.16,0.225,0.369,95.861,4,grindcore,0.21218274111675126,0.981,0.3708542713567839,0.39388672484920206,0.5213456708245118,False
10737,2WC9rDC7aw6bzsA9ZwRVqx,Amb,Blood in Blood Out,Right Now,11,194026,False,0.816,0.701,2,-5.911,1,0.368,0.126,0.0,0.29,0.734,93.963,4,breakbeat,0.8284263959390862,0.701,0.7376884422110552,0.38608796410433405,0.7557049460500472,True
71513,2gscB6kDOmrv1P6qs2KXE3,Slipknot,Slipknot (10th Anniversary Edition),Wait and Bleed,73,147840,False,0.382,0.996,7,-4.119,1,0.104,0.00208,0.0,0.417,0.327,93.345,4,metal,0.3878172588832487,0.996,0.328643216080402,0.3835486415857206,0.5708201583212169,False
97737,2eI1OQTaBJFwmQEEYfy9OU,Calcinha Preta,"Calcinha Preta, Vol. 13 (Ao Vivo)",Declaração de Amor (Ao Vivo),46,198426,False,0.546,0.864,0,-1.314,1,0.0293,0.142,0.0,0.825,0.535,149.785,4,sertanejo,0.5543147208121827,0.864,0.5376884422110553,0.6154569958746281,0.6520010543410794,False
15626,0o9t52kMt1yNHE0IDmdu43,Skinny Atlas;Laeland;Snøw,summer nights,summer nights,54,172137,False,0.521,0.523,6,-7.621,1,0.0362,0.233,0.0,0.403,0.343,145.156,4,chill,0.5289340101522843,0.523,0.34472361809045227,0.5964367306017127,0.46555254274757885,False
15859,5siP3no83iDXF2uskNj14a,demxntia,compilation I,ocean of stars,44,237466,False,0.629,0.714,5,-9.183,0,0.209,0.515,0.000129,0.109,0.596,159.952,4,chill,0.6385786802030456,0.714,0.5989949748743718,0.6572325493483228,0.6505245516924725,False
4411,5rpw2ag9jizRl9VdaLNT61,Tony Anderson,Spiriteaux,Spiriteaux,50,234000,False,0.233,0.0358,0,-28.579,0,0.0373,0.946,0.878,0.108,0.0396,117.497,3,ambient,0.2365482233502538,0.0358,0.03979899497487437,0.48278766661735945,0.10404907277504272,False
42411,4F237kCyNFJq1z6X7QMLVK,Agathocles,Theatric Symbolisation of Life,Kill Your Fucking Idols,15,211213,True,0.223,0.907,7,-8.502,0,0.0657,5.47e-06,0.676,0.0613,0.268,101.825,4,grindcore,0.2263959390862944,0.907,0.2693467336683417,0.4183924198346564,0.46758089091821203,False
29521,6EnHdhpdycjPxayoU5VAU9,MYRNE,What Can I Do,What Can I Do,38,256000,False,0.518,0.812,7,-7.155,1,0.0503,0.215,0.00752,0.144,0.0753,119.968,4,dubstep,0.5258883248730964,0.812,0.07567839195979899,0.4929408477556991,0.4711889056109651,False
27678,4gzpnqZiNAX35p7bA6dBug,Ed Solo;Deekline;Rubi Dan,"Jungle Cakes, Vol. 19",Zunga,17,272228,False,0.606,0.956,10,-1.643,0,0.0368,0.000866,0.0407,0.0407,0.624,87.498,4,drum-and-bass,0.615228426395939,0.956,0.6271356783919597,0.35952369212563484,0.7327880349292997,True
9626,2lMiPTcmvli4i8NfHIB4UO,Jota Quest,Acústico Jota Quest,O Que Eu Também Não Entendo - Acústico,46,255686,False,0.632,0.595,2,-9.555,1,0.0335,0.366,1.6e-06,0.107,0.368,108.002,4,brazil,0.6416243654822334,0.595,0.3698492462311557,0.4437733182124484,0.535491203904463,False
11660,4H3KBBAe2Fcgv9lH6E10Oe,Patrick Doyle,Harry Potter And The Goblet Of Fire (Original Motion Picture Soundtrack),Harry in Winter,55,174440,False,0.175,0.248,11,-16.707,0,0.0423,0.559,0.966,0.189,0.0396,110.447,3,british,0.17766497461928932,0.248,0.03979899497487437,0.4538196670118173,0.1551546565313879,False
49513,4lJAHAMuSCeWzuXhwfutAr,Psyko Punkz,Wietse,Dance,22,176000,True,0.51,0.801,4,-5.767,0,0.0494,0.00836,0.0,0.105,0.0912,150.02,4,hardstyle,0.5177664974619289,0.801,0.09165829145728643,0.6164225958614796,0.47014159630640523,False
32737,55kDJdv7pymmG4URJlVTYR,Oliver Koletzki,The Arc of Tension,Tankwa Town,50,453506,False,0.736,0.401,7,-11.285,1,0.0476,0.102,0.293,0.0938,0.0543,100.008,4,electronic,0.7472081218274111,0.401,0.05457286432160804,0.41092648291504363,0.4009269953830064,False
53660,3jbAzLVcHiI5hYSkcKe1Ty,Martin Garrix;G-Eazy;Sasha Alex Sloan,Love Runs Out (feat. G-Eazy & Sasha Alex Sloan),Love Runs Out (feat. G-Eazy & Sasha Alex Sloan),63,164166,False,0.647,0.642,9,-7.306,0,0.0743,0.262,0.0,0.134,0.48,90.045,4,house,0.6568527918781726,0.642,0.48241206030150746,0.3699891524086584,0.5937549507265599,False
83136,0Gbp9aWNohZ4Kwdi75ntzT,John De Sohn;Rasmus Hagen,Made For You,Love You Better,65,170893,False,0.733,0.785,11,-7.496,1,0.0416,0.0934,0.00135,0.101,0.796,102.987,4,progressive-house,0.7441624365482233,0.785,0.7999999999999999,0.423167003599428,0.7763874788494077,False
2660,5d9RSSwDvlTyuwfmeafUah,Phil Wickham,Living Hope,Living Hope,55,327000,False,0.292,0.535,3,-6.892,1,0.0393,0.0355,0.0,0.0977,0.316,143.949,4,alt-rock,0.2964467005076142,0.535,0.3175879396984924,0.5914772447117993,0.3830115467353689,False
78411,5QPMzfhQBjkBgkGQnXu83D,Honk!,Joana,Joana,29,196830,False,0.641,0.914,2,-2.207,1,0.0852,0.0956,0.0,0.00925,0.792,130.08,4,party,0.650761421319797,0.914,0.7959798994974874,0.5344904097431094,0.7869137736057615,False
52859,1mgfms0E0uJhULWwqMcqtI,Hank Williams,The Ultimate Collection,First Year Blues,11,146600,False,0.718,0.27,4,-13.928,1,0.0591,0.968,0.0,0.23,0.663,120.192,4,honky-tonk,0.7289340101522842,0.27,0.6663316582914572,0.4938612494452936,0.5550885561479139,False
46737,2MqQOhpubuokVRHIQCh0m5,Neophyte,Not Enough Middle Fingers,A Way Of Life,18,326485,True,0.723,0.716,8,-11.396,1,0.0786,0.13,0.518,0.0745,0.414,167.522,4,happy,0.7340101522842639,0.716,0.4160804020100502,0.6883371957332807,0.6220301847647713,False
103626,1V84nWUcaKN1j3vYvxfd5t,Rick James;Teena Marie,Un tecito y a mimir,Fire And Desire,0,436533,False,0.385,0.458,1,-9.5,1,0.0361,0.287,7.43e-05,0.108,0.136,134.673,3,soul,0.39086294416243655,0.458,0.13668341708542714,0.5533627533159114,0.32851545374928787,False
29859,2zhqm7h2RiyPuG0L5cAqN7,Animadrop,Stuck in a Timeloop,Stuck in a Timeloop,41,416210,False,0.48,0.903,7,-3.262,1,0.191,0.294,0.00278,0.202,0.188,95.063,4,dubstep,0.4873096446700507,0.903,0.18894472361809045,0.39060779383002153,0.5264181227627137,False
64660,29aFRSKkk2kYToZF3JgVJC,Julie London,Desayuno en calma,I'm In The Mood For Love,0,149826,False,0.58,0.0545,9,-14.594,0,0.0473,0.963,0.000265,0.0967,0.177,123.341,4,jazz,0.5888324873096445,0.0545,0.1778894472361809,0.5068002892691024,0.27374064484860844,False
89740,50zpoWMidTPVoCjBBNMfMP,Farina,Perreo Tenebroso Vol. 1,El Problema,0,206173,False,0.535,0.651,0,-3.612,1,0.402,0.0542,0.131,0.0751,0.515,179.795,4,reggaeton,0.5431472081218274,0.651,0.5175879396984925,0.7387661686636096,0.5705783826067733,False
17859,1ylzRbRcouAgM8iZF4SqCK,DJ Flex,Amaka,Amaka,15,188844,False,0.821,0.824,5,-5.971,0,0.0334,0.412,0.871,0.11,0.692,119.006,4,club,0.8335025380710659,0.824,0.6954773869346732,0.4889880512137797,0.7843266416685797,True
103660,0n4bITAu0Y0nigrz3MFJMb,Robin Thicke;T.I.;Pharrell Williams,Blurred Lines (Deluxe),Blurred Lines,76,263826,False,0.853,0.599,7,-4.756,1,0.0411,0.00334,7.93e-06,0.0759,0.843,119.993,4,soul,0.865989847715736,0.599,0.8472361809045225,0.49304357115855557,0.7707420095400862,False
27521,6U3KzIa82ZCKAROmpg7PqT,A.M.C,ENERGY,The End,18,316534,False,0.568,0.995,0,0.651,1,0.216,0.000282,0.213,0.788,0.4,172.021,4,drum-and-bass,0.5766497461928933,0.995,0.40201005025125625,0.7068232993113422,0.6578865988147166,False
8859,0YZ3J8xzGwLOg4yEgST1YK,Joe Cocker,With A Little Help From My Friends,With A Little Help From My Friends,67,312173,False,0.307,0.43,2,-11.333,1,0.0629,0.288,0.000994,0.0988,0.305,145.224,3,blues,0.31167512690355326,0.43,0.30653266331658285,0.5967161382574824,0.34940259674004537,False
100411,0hwZcTCXYNTY6zrpWpfmnU,Mad Caddies,Punk Rocksteady,Sorrow,34,208730,False,0.759,0.709,7,-5.392,1,0.0361,0.0912,9.76e-05,0.149,0.96,134.054,4,ska,0.7705583756345177,0.709,0.9648241206030149,0.5508193218611837,0.8147941654125108,False
93626,0DbjnobMwfD3rs9zcfCjfQ,Сергей Захаров,20 золотых шедевров романса,Милая,0,159760,False,0.263,0.404,2,-8.402,1,0.0393,0.926,0.00531,0.215,0.226,82.82,1,romance,0.267005076142132,0.404,0.22713567839195978,0.3403020889831205,0.29938025151136394,False
72411,2uD8ezTUaLTtoqaXUiWPIR,Periphery,Periphery III: Select Difficulty,Lune,38,467013,False,0.488,0.851,5,-6.146,1,0.0447,0.00208,0.000501,0.0943,0.337,134.99,1,metalcore,0.49543147208121824,0.851,0.33869346733668343,0.5546652860641323,0.5617083131393006,False
86737,1964zxkJByManoIYrUkSHU,Tihuana,Nova Bis - Tihuana,Tropa De Elite,39,194773,False,0.716,0.881,2,-5.879,1,0.0935,0.0434,0.0,0.0383,0.962,144.324,4,punk,0.7269035532994923,0.881,0.9668341708542713,0.5930180957546473,0.8582459080512544,False
49411,3UjxmoAp5oSdz3aAh4zcgd,Noisecontrollers;Bass Modulators,Chapter One,See The Light - Radio Edit,50,206515,False,0.44,0.88,0,-5.748,1,0.0911,0.00461,3.23e-05,0.0638,0.297,149.747,4,hardstyle,0.44670050761421315,0.88,0.29849246231155774,0.6153008563022863,0.5417309899752569,False
61626,1aTEygvJz9cA86mzGxJVAT,PASSEPIED,&DNA,スーパーカー,20,264453,False,0.464,0.845,10,-3.791,1,0.0371,0.145,0.0077,0.239,0.662,171.839,4,j-idol,0.47106598984771575,0.845,0.6653266331658291,0.7060754729385468,0.6604642076711816,False
86859,10lP5x0csV13P1aZyLYADs,Simple Plan,Get Your Heart On! (Deluxe Edition),Last One Standing,55,207293,False,0.498,0.969,9,-3.662,1,0.0747,0.000473,0.000369,0.0627,0.509,167.116,4,punk,0.5055837563451776,0.969,0.5115577889447236,0.6866689676708907,0.6620471817633004,False
112678,4wD1Vpnw2jUHs07HeAEeFt,Rota,İblisler,İblisler,39,233379,True,0.688,0.886,11,-5.435,1,0.339,0.115,0.0,0.187,0.667,144.972,4,turkish,0.6984771573604059,0.886,0.6703517587939698,0.5956806863566886,0.7516096387181253,False
7521,2MgFMPG85DiVFXzO4zx3UD,Greensky Bluegrass,Handguns,Lose My Way,23,444533,False,0.585,0.573,0,-8.096,1,0.0256,0.773,0.409,0.102,0.53,109.374,4,bluegrass,0.5939086294416243,0.573,0.5326633165829145,0.4494107785612149,0.5665239820081797,False
111513,6qN2alQY36EbEjpBhDP9FE,DJ Shadow,Preemptive Strike,What Does Your Soul Look Like - Pt. 2,42,831400,False,0.638,0.369,7,-12.515,0,0.0693,0.284,0.904,0.104,0.0902,141.923,4,trip-hop,0.6477157360406091,0.369,0.09065326633165828,0.5831525401443058,0.3691230007907558,False
29626,46DRBgPZrFJKDHHQYIY6OG,ATLiens,Alchemy,Alchemy,51,150000,False,0.738,0.867,8,-5.249,0,0.227,0.0109,0.0825,0.213,0.366,160.066,5,dubstep,0.7492385786802029,0.867,0.36783919597989945,0.6577009680653485,0.6613592582200342,False
19859,3y4LxiYMgDl4RethdzpmNe,Faith Hill,Breathe,Breathe,67,250546,False,0.529,0.496,7,-9.007,1,0.029,0.173,0.0,0.251,0.278,136.859,4,country,0.5370558375634518,0.496,0.2793969849246231,0.5623448876616867,0.43748427416269164,False
54678,6zJyL9SCOdUmN6nEz33QB7,LFO,Advance,Shut Down,12,290800,False,0.521,0.978,5,-8.833,0,0.0804,0.029,0.957,0.153,0.158,137.242,4,idm,0.5289340101522843,0.978,0.1587939698492462,0.5639186101934487,0.5552426600005101,False
79136,4uNG9ER2pDOayDd1Wq8Cjq,Elton John;Britney Spears;Purple Disco Machine,Hold Me Closer (Purple Disco Machine Remix),Hold Me Closer - Purple Disco Machine Remix,0,218853,False,0.692,0.842,0,-4.871,1,0.136,0.0506,1.79e-06,0.147,0.777,125.972,4,piano,0.7025380710659898,0.842,0.7809045226130653,0.5176109001857239,0.7751475312263517,True
55660,7I1nwZimETiRW83xZv023W,Ritviz;Karan Kanchan,Dev,Khamoshi,47,189391,False,0.714,0.666,11,-7.944,1,0.0434,0.00451,0.0001,0.42,0.619,114.95,4,indian,0.7248730964467004,0.666,0.622110552763819,0.4723222063343359,0.6709945497368398,False
5737,7AlSUZpdxkzvHJBut5rzjn,Divide Music,Never Enough,Never Enough,52,227428,False,0.513,0.696,7,-6.533,0,0.0336,0.132,3.65e-05,0.117,0.0883,104.952,4,anime,0.5208121827411167,0.696,0.08874371859296482,0.4312410630639515,0.4351853004446939,False
39859,4fkFsB17kyzq27QhOVt19V,Neptunica;Matthew Clanton,Love Is Gone,Love Is Gone,65,157894,False,0.629,0.815,7,-6.046,1,0.0683,0.016,0.000153,0.236,0.185,152.014,4,german,0.6385786802030456,0.815,0.185929648241206,0.6246158144733166,0.546502776148084,False
113737,5FQxCrphg2xjAhNzUXRQxc,Hillsong Worship,There Is More,Lettered Love - Live,40,222733,False,0.333,0.52,0,-9.746,1,0.0315,0.182,6.28e-06,0.673,0.259,91.983,4,world-music,0.3380710659898477,0.52,0.26030150753768844,0.3779522705980968,0.37279085784251204,False
57521,11BUFxLtMAVUtJaTnNK8Ey,JVKE;ILLENIUM;NURKO,golden hour (ILLENIUM & NURKO Remix),golden hour - ILLENIUM & NURKO Remix,57,201904,False,0.453,0.771,1,-4.382,0,0.0341,0.046,0.0,0.159,0.0754,126.003,4,indie,0.4598984771573604,0.771,0.0757788944723618,0.517738277205266,0.4355591238765741,False
68859,5q2JbCNi4FcnglgPfxcV65,Anuel AA;Daddy Yankee;Zion & Lennox;Farruko;Wisin,Sola (Remix),Sola (Remix),78,307910,False,0.639,0.869,11,-4.024,1,0.147,0.27,0.0,0.0802,0.767,169.801,4,latino,0.6487309644670051,0.869,0.7708542713567839,0.6977014611376822,0.7628617452745964,False
41737,5xX58ok24goewnuvic3Q4m,Timo Räisänen,...And Then There Was Timo,You Shook Me All Night Long,21,240093,False,0.585,0.232,7,-10.912,1,0.0287,0.866,0.0,0.0657,0.12,135.878,4,goth,0.5939086294416243,0.232,0.12060301507537687,0.5583140213335962,0.31550388150566705,False
44136,2o4AknH1hXnleCRW2rH45w,Alter Bridge,Blackbird,Blackbird,57,478133,False,0.279,0.806,6,-4.714,0,0.0448,0.00499,0.0126,0.116,0.132,149.463,3,grunge,0.283248730964467,0.806,0.13266331658291458,0.614133918445836,0.40730401584912723,False
83660,273n4aGEPcL1HrcdhpGGul,KSHMR;NOUMENN,Around The World (feat. NOUMENN),Around The World (feat. NOUMENN),45,199017,False,0.582,0.863,5,-4.067,1,0.0356,0.0334,1.42e-05,0.371,0.333,112.073,4,progressive-house,0.5908629441624365,0.863,0.3346733668341708,0.46050079713360614,0.5961787703322025,False
52513,0ql727m0Dm5hszWIsI1BwX,Hank Williams,The Immortal,Pan American,13,170800,False,0.581,0.427,4,-10.369,1,0.0325,0.734,0.000809,0.0809,0.797,85.724,4,honky-tonk,0.5898477157360406,0.427,0.8010050251256281,0.3522344394589353,0.6059509136205562,False
113660,6jAAYLKxXPyeEoddXu6Gf7,Tenth Avenue North,The Struggle,Worn,50,244120,False,0.51,0.42,6,-8.014,1,0.0312,0.384,0.0,0.102,0.19,125.898,4,world-music,0.5177664974619289,0.42,0.19095477386934673,0.5173068389132686,0.3762404237770918,False
73859,1qolXijooNmOF6qs5Jz7Aq,Matador;braev,Eternity,Eternity,34,416626,False,0.727,0.632,11,-9.523,0,0.0682,0.0042,0.691,0.0982,0.24,122.989,4,minimal-techno,0.7380710659898476,0.632,0.24120603015075373,0.5053539437568825,0.5370923653802004,False
82740,2DGoiBUZSbprAcvGw5l1W7,Screeching Weasel,Anthem for a New Tomorrow,Every Night,23,222706,False,0.22,0.872,8,-5.388,1,0.0461,0.00048,0.000186,0.0541,0.414,177.017,4,power-pop,0.22335025380710657,0.872,0.4160804020100502,0.7273515441381917,0.5038102186057188,False
42740,1xi0HFAsNfM5t0v7sFqkU2,Disfear,Misanthropic Generation,Rat Race,13,157426,True,0.319,0.993,8,-4.993,1,0.136,1.47e-06,0.151,0.405,0.259,117.598,4,grindcore,0.32385786802030453,0.993,0.26030150753768844,0.4832026691648998,0.5257197918526643,False
24513,51teckQO0O1ql5D4edLdua,Octave One,Love by Machine,7 b4 Dawn - Original Mix,5,382427,False,0.836,0.798,9,-8.995,0,0.0463,0.00068,0.941,0.0739,0.925,126.006,4,detroit-techno,0.848730964467005,0.798,0.9296482412060301,0.5177506040136088,0.8587930685576785,True
75521,4TtTr61i4LVKO8mrx7KPHB,David Lanz,Return To The Heart,Improvisation: Friedensengel (Angel Of Peace),22,90026,False,0.574,0.00638,0,-31.925,1,0.0465,0.989,0.682,0.0828,0.408,116.734,4,new-age,0.5827411167512689,0.00638,0.41005025125628136,0.479652548362178,0.33305712266918347,False
47859,6kAOsnRUgp21bPiUoVZeuJ,Ozzy Osbourne;Jeff Beck,Patient Number 9 (feat. Jeff Beck),Patient Number 9 (feat. Jeff Beck),61,441402,False,0.316,0.869,7,-4.244,0,0.0642,0.000197,0.199,0.133,0.302,169.916,4,hard-rock,0.3208121827411167,0.869,0.30351758793969846,0.6981739887908223,0.49777659022693843,False
38859,3OtId2P71K4wGAAJk8QCIR,Royal Blood,Honeybrains,Honeybrains,58,186847,False,0.523,0.8,9,-5.243,1,0.101,0.00537,0.0,0.398,0.604,125.886,3,garage,0.5309644670050762,0.8,0.6070351758793969,0.5172575316798974,0.6459998809614911,False
12859,5MH9JHCKH1Hm3ih9m9ljy8,Hins Cheung,笑忘書,騷靈情歌,45,249293,False,0.489,0.337,8,-12.972,1,0.112,0.301,0.0,0.13,0.276,179.599,4,cantopop,0.4964467005076142,0.337,0.27738693467336684,0.7379608171852143,0.3702778783936604,False
29136,2yg53XBaQDtIk6hYT2VFSD,William Black;Fairlane,Broken,Broken,47,228705,False,0.49,0.828,1,-4.374,1,0.0379,0.0265,0.0,0.149,0.31,170.049,4,dubstep,0.4974619289340101,0.828,0.3115577889447236,0.6987204772940191,0.5456732392929112,False
3737,4k2AjlWruIygEiZyJEy01I,Os Paralamas Do Sucesso,Acústico (Live),Tendo A Lua - Ao Vivo,51,200826,False,0.492,0.794,5,-5.823,1,0.046,0.196,2.62e-06,0.873,0.683,167.815,4,alternative,0.499492385786802,0.794,0.6864321608040201,0.6895411140147593,0.6599748488636075,False
97626,6xsEgCQbbRngiZKTyAxvkQ,João de Souza & Bonifacio,Sistema Pesado,Mete o Pé e Vaza,46,166132,False,0.749,0.775,11,-4.689,0,0.155,0.222,0.0,0.177,0.773,163.048,4,sertanejo,0.7604060913705584,0.775,0.7768844221105528,0.6699538155580756,0.7707635044937037,False
69660,1xs80jiAaDBjDzROXVVVnn,Saleem,Mere Jogi Nath,Mere Jogi Nath,23,295400,False,0.673,0.922,0,-7.078,0,0.0586,0.217,2.85e-06,0.0986,0.773,100.004,4,malay,0.683248730964467,0.922,0.7768844221105528,0.4109100471705866,0.7940443843583399,False
37737,4PVDAebj5ADsLOBw1D9KbP,BIN;Azevedo;Mainstreet;Kizzy,Para todas as mulheres que já rimei,Fim de Nós 2,46,180000,False,0.582,0.467,5,-7.674,1,0.0367,0.183,0.0,0.0931,0.486,119.842,4,funk,0.5908629441624365,0.467,0.4884422110552763,0.4924231218053022,0.5154350517392375,False
52660,5E0HsaeTON2ucXXArmSHNp,George Jones,Mr. Country and Western,Small Time Laboring Man,11,153862,False,0.497,0.29,4,-14.014,1,0.0284,0.914,3.33e-05,0.134,0.451,93.128,3,honky-tonk,0.5045685279187817,0.29,0.45326633165829144,0.3826570024489259,0.41594495319235775,False
56859,6qr6qpP9J9YBBYsVmJFd5c,Vansire,After Fillmore County,The Latter Teens,64,221648,False,0.658,0.441,11,-10.008,0,0.0436,0.681,0.241,0.109,0.354,129.599,4,indie-pop,0.6680203045685279,0.441,0.3557788944723618,0.5325140114721496,0.48826639968029656,False
52136,1e6sJSsSVQDq4ucpJ6l7cG,Ray Price,Night Life,Bright Lights and Blonde Haired Women,19,142800,False,0.639,0.28,9,-13.535,1,0.0325,0.848,0.0,0.472,0.673,117.071,4,honky-tonk,0.6487309644670051,0.28,0.6763819095477387,0.4810372598326841,0.5350376246715812,False
17411,0MGkVtHqa6hp9WFaUc0fq1,Le Castle Vania,Payday,Fully Loaded Epic Win,39,187001,False,0.679,0.952,1,-2.777,1,0.0596,1.66e-05,0.686,0.515,0.175,128.033,4,club,0.6893401015228426,0.952,0.1758793969849246,0.5260794175172164,0.6057398328359224,False
53411,0gn93i7HJt0calph67R5Wu,HUGEL;Amber Van Day,WTF (feat. Amber Van Day),WTF (feat. Amber Van Day),64,160686,True,0.808,0.737,11,-4.538,0,0.0526,0.0602,1.12e-06,0.704,0.865,123.985,4,house,0.8203045685279188,0.737,0.8693467336683416,0.5094464441266867,0.8088837673987536,False
94521,6ue8qsdLrXbj9UDmhnYkEa,convolk,LONEWOLF,I fucked up,61,159149,True,0.645,0.708,5,-6.005,0,0.0382,0.00909,0.000356,0.115,0.282,80.503,4,sad,0.6548223350253807,0.708,0.2834170854271356,0.3307816840063771,0.5487464734841722,False
112513,03u0SQvzUKRcIv7mHA3X1M,Kargo,Gelecekle Randevum Var,Kehribar,41,212323,False,0.581,0.428,7,-10.857,0,0.0254,0.374,0.00278,0.0672,0.677,88.08,4,turkish,0.5898477157360406,0.428,0.6804020100502512,0.3619150929441349,0.5660832419287639,False
67521,59d6pKXq0vbneJNlfiX82Y,Chris Jedi;Anuel AA;Chencho Corleone;Ñengo Flow,Clásicos de ahora: Perreo,La Llevo Al Cielo,0,254920,True,0.795,0.845,9,-3.809,0,0.135,0.105,1.14e-05,0.172,0.769,170.023,4,latin,0.8071065989847716,0.845,0.7728643216080402,0.6986136449550482,0.8083236401976039,True
14521,5yrU9jSt6hGxodbRgXaaqa,The Wiggles,Here Comes the Big Red Car,Big Red Car,31,107920,False,0.767,0.904,9,-3.443,1,0.0655,0.306,0.0096,0.0636,0.962,124.714,4,children,0.7786802030456852,0.904,0.9668341708542713,0.5124418585539832,0.8831714579666521,False
54737,5SHF7U7Pg5ZqrD8jY5qwyt,Casino Versus Japan,Suicide by Sun,Lazy Girl Loop,9,137707,False,0.259,0.0691,2,-27.925,1,0.0303,0.625,0.761,0.106,0.114,66.419,3,idm,0.2629441624365482,0.0691,0.11457286432160803,0.27291142777312094,0.14887234225271875,False
38740,3hXMVNjjdXnDKg1ixBu7Lj,Gee Tee,Gee Tee,Hangin' at Caltex,25,112222,False,0.168,0.942,2,0.632,1,0.0548,0.0641,0.969,0.328,0.298,172.527,4,garage,0.17055837563451776,0.942,0.2994974874371859,0.7089024209851584,0.47068528769056783,False
24660,0LqGUxY5xrFwWFR4SoN1Hx,Omar S;troialexis,Can't Explain,Can't Explain - Omar S and TroiAlexis R&B Mix,20,159474,True,0.795,0.248,7,-19.867,1,0.0775,0.069,2.74e-05,0.111,0.395,123.945,4,detroit-techno,0.8071065989847716,0.248,0.3969849246231156,0.5092820866821163,0.4840305078692957,False
33660,3xwIAsYcyfte7VLi8fzVkk,surrenderdorothy,WeNeverAskedForThis,UsedCar,57,95786,True,0.568,0.408,11,-15.212,1,0.0345,0.219,0.00508,0.135,0.429,115.035,4,emo,0.5766497461928933,0.408,0.4311557788944723,0.4726714659040481,0.4719351750291219,False
33737,7xZPwzLC24VRg5HyOBC28K,NX Zero,Fração de Segundo - Single,Fração de Segundo - Versão Acústica,36,194024,False,0.559,0.576,8,-6.631,0,0.028,0.326,0.0,0.0998,0.584,87.085,4,emo,0.5675126903553299,0.576,0.5869346733668341,0.3578267015104449,0.576815787907388,False
81737,7mDdR7ynAJuMdkr49AlF1W,Bruno Mars;Anderson .Paak;Silk Sonic,Trending Pop,Skate,0,203122,False,0.708,0.598,5,-8.365,1,0.0291,0.037,0.0,0.17,0.698,112.027,4,pop,0.7187817258883248,0.598,0.7015075376884421,0.4603117860723501,0.6727630878589222,False
58740,2UsKFVo6oK2yCHo7R1s4Ft,Revolting Cocks,Big Sexy Land,No Devotion,20,412687,False,0.667,0.681,7,-12.684,1,0.0629,0.0944,0.0783,0.444,0.395,127.218,4,industrial,0.6771573604060913,0.681,0.3969849246231156,0.5227306345840935,0.585047428343069,False
1521,1QmgrcZquzAfW1OMALh1yb,Lafayette Afro Rock Band,Malik,Conga - Remastered,19,301617,False,0.705,0.83,2,-9.266,1,0.0946,0.0659,0.00445,0.078,0.602,119.099,4,afrobeat,0.715736040609137,0.83,0.6050251256281406,0.48937018227240603,0.7169203887457591,False
108411,0i4DD28r4qZ4snbvpBfIUb,Sexteto Mayor,From Argentina To The World,Taconeando,20,227453,False,0.361,0.259,2,-13.516,0,0.0332,0.747,0.278,0.197,0.368,108.489,4,tango,0.36649746192893395,0.259,0.3698492462311557,0.4457743701000937,0.33178223605336327,False
85136,0vGAY9aloPKORe0R0KlfGv,Siouxsie and the Banshees,Helloween Party,Spellbound,0,197106,False,0.412,0.931,7,-6.348,1,0.0449,0.016,0.0,0.0772,0.295,148.813,4,punk-rock,0.41827411167512685,0.931,0.29648241206030146,0.611463109971566,0.5485855079118095,False
69626,7llKkUiIzjfqnBHgRJScqF,Jify,God is Good (Sunday School Song),God is Good - Sunday School Song,25,141609,False,0.623,0.525,5,-8.841,1,0.0489,0.445,0.0,0.156,0.811,170.027,4,malay,0.63248730964467,0.525,0.8150753768844221,0.6986300806995053,0.6575208955096974,False
19136,1uM9MucJX0ztob8h3XFakX,Bailey Zimmerman,Single Saturday Night - Country Songs,Fall in Love,0,232058,False,0.524,0.643,9,-6.055,1,0.0297,0.451,0.0,0.221,0.397,135.962,4,country,0.531979695431472,0.643,0.39899497487437185,0.5586591719671942,0.5246582234352813,False
29411,65Ue0jbK1lhMuWc9XfVanh,ILLENIUM;Said The Sky;Rock Mafia,Fallen Embers,Crazy Times,45,230400,True,0.476,0.507,1,-8.058,1,0.0459,0.405,1.13e-05,0.113,0.17,150.204,4,dubstep,0.48324873096446697,0.507,0.1708542713567839,0.6171786401065037,0.38703433410708366,False
35411,3KkUHYxuE6opdXCxoKh8wH,Washington Brasileiro,Bora,Bora,41,191425,False,0.801,0.955,10,-3.037,0,0.0449,0.213,0.0,0.336,0.876,110.899,4,forro,0.8131979695431472,0.955,0.8804020100502512,0.4556769061354634,0.8828666598644661,False
80513,3OZr3vo7SmYpn5XqeQEAOM,Yo Yo Honey Singh;Neha Kakkar,The Neha Kakkar Collection,Manali Trance,61,203206,False,0.614,0.842,6,-4.109,1,0.0745,0.00814,1.33e-05,0.212,0.915,156.051,4,pop-film,0.6233502538071065,0.842,0.9195979899497487,0.6412035895665894,0.7949827479189517,False
38521,49HYB8tppaxOsbBfeozPxu,Arctic Monkeys,Suck It and See,Brick By Brick,53,179906,False,0.285,0.807,2,-4.741,1,0.0528,0.00123,0.00368,0.317,0.542,132.206,4,garage,0.2893401015228426,0.807,0.5447236180904522,0.5432260079220288,0.5470212398710983,False
36737,3Clq3Nkvml7zX8qbdHyNT9,Djadja & Dinaz,Spleen,Anonymat,33,223466,True,0.765,0.516,11,-10.779,0,0.404,0.216,0.0,0.367,0.55,141.007,4,french,0.7766497461928934,0.516,0.5527638190954773,0.5793887546636425,0.6151378550961236,False
67411,75G3D1ajCgumVJ7Kun9MbC,Brytiago;Darell,Halloween 2022 Perreo Vol. 3,Olvidando,1,229013,False,0.767,0.672,2,-4.455,0,0.182,0.12,6.18e-05,0.695,0.585,171.996,4,latin,0.7786802030456852,0.672,0.5879396984924622,0.7067205759084858,0.6795399671793825,False
58411,3zQx7xLSxHE25mR34QTedx,Celldweller,Satellites,Soul Parasites,35,216684,False,0.555,0.792,1,-4.581,1,0.0558,7.16e-05,2.95e-06,0.09,0.786,92.0,3,industrial,0.5634517766497462,0.792,0.7899497487437186,0.37802212251203915,0.7151338417978216,False
96513,4W3OLec9sTB37yegHQVxOq,Seu Jorge;Racionais MC's,"Musicas para Churrasco, Vol.1 (Ao Vivo) (Delux Edition)",Diário de um Detento (Ao Vivo),38,493373,False,0.484,0.877,10,-5.095,0,0.365,0.758,0.0,0.61,0.586,88.445,4,samba,0.4913705583756345,0.877,0.5889447236180904,0.3634148546258402,0.6524384273312416,False
66737,3y3thO9GCZxsauTac1Hv1s,Lani Love,Slaying the Runway,Slaying the Runway,8,153808,False,0.756,0.543,9,-5.913,1,0.375,0.274,9.62e-06,0.139,0.437,149.877,4,kids,0.7675126903553299,0.543,0.43919597989949744,0.6158350179971402,0.5832362234182757,False
80411,3i11e2jzUtO3jChiFl3v9x,Madan Mohan;Lata Mangeshkar;Roop Kumar Rathod;Javed Akhtar,Veer - Zaara,Tere Liye,63,331676,False,0.525,0.46,1,-8.594,0,0.0246,0.826,0.00202,0.139,0.33,98.007,4,pop-film,0.5329949238578681,0.46,0.3316582914572864,0.4027045017504068,0.4415510717717182,False
76521,191Tg9ZpGyjqP5sLO5gg3V,Emma Shapplin,Etterna,Leonora,21,237240,False,0.295,0.525,9,-8.716,1,0.0425,0.36,0.000102,0.164,0.136,69.014,4,opera,0.299492385786802,0.525,0.13668341708542714,0.28357411698962903,0.3203919342907431,False
87626,1u7qEu0bZXGHW6gfOKyRfX,Valentín Elizalde,Íconos 25 Éxitos,A Mis Enemigos,43,183573,False,0.811,0.476,3,-5.281,1,0.0508,0.743,8.19e-05,0.0598,0.97,102.538,3,r-n-b,0.8233502538071066,0.476,0.9748743718592964,0.4213220912841247,0.7580748752221343,False
4136,6j8KPn7rmbTwlkpEbHcrS1,Ludovico Einaudi,Underwater,Indian Yellow,61,194789,False,0.263,0.009,2,-35.193,1,0.0515,0.995,0.946,0.0881,0.156,68.083,1,ambient,0.267005076142132,0.009,0.15678391959798993,0.2797486974672518,0.14426299858004063,False
10513,1FyqKrXoHIYh7Tv7awiUKS,Audio Bullys,Generation,Struck By The Sound,14,304920,False,0.752,0.715,5,-6.443,0,0.0791,0.459,0.0335,0.808,0.574,99.993,4,breakbeat,0.7634517766497462,0.715,0.5768844221105527,0.4108648488733297,0.6851120662534328,False
5136,708feUe50Ed8N6zilSiSQM,Kiro Akiyama,From DROPOUT,Caffeine,59,243253,False,0.73,0.455,6,-5.467,1,0.0396,0.00372,0.0118,0.0649,0.763,133.996,4,anime,0.7411167512690354,0.455,0.7668341708542713,0.5505810035665566,0.6543169740411022,False
21521,03EcqaAMg58r10dgbl0o6y,Fuse ODG;Ed Sheeran;Mugeez,Boa Me (feat. Ed Sheeran & Mugeez),Boa Me (feat. Ed Sheeran & Mugeez),53,180500,False,0.906,0.597,0,-2.566,1,0.0764,0.165,2.94e-06,0.0775,0.967,124.008,4,dancehall,0.9197969543147207,0.597,0.971859296482412,0.5095409496573147,0.8295520835990443,False
32660,2RoTe14GxtkU0ZzCgKys5X,Multani,Old World Songs in a New World Order,Kalyan,25,187684,False,0.763,0.414,1,-11.165,1,0.0845,0.0829,0.637,0.0552,0.498,125.0,4,electronic,0.7746192893401015,0.414,0.500502512562814,0.5136170142826619,0.5630406006343052,False
79660,16GUMo6u3D2qo9a19AkYct,Billy Joel,The Stranger (Legacy Edition),Movin' Out (Anthony's Song),67,210760,False,0.664,0.88,2,-5.009,0,0.0326,0.465,1.63e-05,0.0591,0.895,133.898,4,piano,0.6741116751269035,0.88,0.8994974874371858,0.5501783278273589,0.8178697208546964,False
31136,434VcYrm3FPRRiW4jw5nLb,Wisin & Yandel;Chris Brown;T-Pain,Fiesta portatil,Algo Me Gusta De Ti,2,274946,False,0.626,0.769,11,-5.296,0,0.0325,0.00291,0.0,0.0598,0.237,127.949,4,electro,0.6355329949238578,0.769,0.2381909547738693,0.5257342668836185,0.5475746498992424,False
107411,7G4aD9GSe262y5lisfaIGy,Tove Lo,True Romance,True Romance,57,245708,False,0.477,0.319,0,-7.757,1,0.0302,0.5,1.1e-05,0.111,0.0853,104.937,4,synth-pop,0.4842639593908629,0.319,0.0857286432160804,0.43117942902223755,0.2963308675356478,False
43740,4KQh6eo7wbwyI9C5HoF8xK,Trazendo a Arca,Deus de Promessas (Ao Vivo),Bendito Eu Serei - Ao Vivo,25,842906,False,0.335,0.729,7,-8.078,0,0.0811,0.42,0.0,0.72,0.451,143.378,4,groove,0.3401015228426396,0.729,0.45326633165829144,0.589131042190556,0.5074559515003104,False
100136,1RDWiY1IHfMzXAhbBMYwb6,Kapanga,A 15 Cm De La Realidad,Amor Secreto,44,222426,False,0.54,0.803,0,-6.984,0,0.0476,0.00214,7.37e-06,0.052,0.725,141.497,4,ska,0.5482233502538071,0.803,0.728643216080402,0.5814021333596305,0.6932888554447363,False
60678,3CfewRPe6r9AFCjOkwUzWi,Vybz Kartel,Nice Suh,Nice Suh,20,161632,False,0.626,0.676,9,-7.241,1,0.361,0.0234,0.0,0.128,0.373,195.932,4,j-dance,0.6355329949238578,0.676,0.37487437185929645,0.8050720707394441,0.5621357889277181,False
55513,4mYrbFGkk5u3bnDhTj0jAO,Jasleen Royal,Shivaay,Raatein,49,225875,False,0.653,0.401,5,-12.029,1,0.0279,0.893,0.143,0.109,0.311,129.988,4,indian,0.6629441624365482,0.401,0.31256281407035175,0.5341123876205973,0.4588356588356333,False
39521,5LXaBBZePqShzKxM6b9RFU,Kyau & Albert,ASOT 1090 - A State Of Trance Episode 1090,Velvet Morning 22 (ASOT 1090),41,137625,False,0.479,0.946,10,-7.859,0,0.0388,0.000548,0.261,0.136,0.0381,125.487,4,german,0.48629441624365477,0.946,0.03829145728643216,0.5156180661703071,0.49019529117669564,False
99626,0HLWvLKQWpFdPhgk6ym58n,John Mayer,Battle Studies,Who Says,64,175480,False,0.584,0.509,2,-13.109,1,0.0287,0.267,0.00252,0.36,0.367,90.457,4,singer-songwriter,0.5928934010152284,0.509,0.3688442211055276,0.371682034087734,0.490245874040252,False
20136,4eoMx75WWJVa0Q6lO3Q0zS,Bruno Mars;PARTYNEXTDOOR,Pop Station,That's What I Like - PARTYNEXTDOOR Remix,0,206696,False,0.741,0.695,1,-5.341,1,0.0454,0.021,0.0,0.0922,0.861,134.032,4,dance,0.7522842639593909,0.695,0.865326633165829,0.5507289252666699,0.7708702990417399,True
40678,0OB1ZDOdFgcDvdJygCfIh5,Trio Nascimento,Marque Uma Geração,Chegou o Avivamento,40,273298,False,0.508,0.625,0,-6.433,1,0.0362,0.499,0.0,0.099,0.34,143.923,4,gospel,0.515736040609137,0.625,0.3417085427135678,0.5913704123728284,0.4941481944409016,False
41660,5NuELzFROpg4Br5lQZ6zNw,Specimen,Wet Warm Cling Film Red Velvet Crush,Lovers,22,184040,False,0.604,0.596,0,-7.705,1,0.0251,4.48e-05,6.11e-06,0.352,0.366,130.683,4,goth,0.6131979695431472,0.596,0.36783919597989945,0.5369680982200088,0.5256790551743489,False
8660,1kmbMgdH81XirPnEuGQ2by,Blues Saraceno,Dark Country 4,The River,55,215699,False,0.554,0.437,11,-8.187,0,0.0388,0.0526,0.00241,0.241,0.37,73.994,4,blues,0.5624365482233503,0.437,0.371859296482412,0.3040366188386503,0.4570986149019207,False
48626,0kqYjKsdQ2UfbkMANcEXou,Samiam,You're Freaking Me Out,Full On,31,227840,False,0.469,0.889,4,-6.097,1,0.0694,0.00195,2.24e-05,0.193,0.895,188.682,4,hardcore,0.47614213197969535,0.889,0.8994974874371858,0.7752822839110497,0.7548798731389604,False
42521,51s7WZriwg2D51gbCrbNVz,Couple Skate,Couple Skate/Haggus,Belly Full of Toes,13,88607,False,0.285,0.564,1,-12.032,1,0.311,0.00108,0.199,0.181,0.221,148.08,3,grindcore,0.2893401015228426,0.564,0.22211055276381908,0.6084512597998126,0.35848355142888727,False
93737,4OGTClZTIEwlfFeP0APZww,"Nikolai Erdenko;Ансамбль ""Джанг""",Лучшая цыганская музыка. Часть первая,"Эй, ямщик, гони-ка к Яру",0,189080,False,0.355,0.265,5,-18.811,0,0.0393,0.909,0.0,0.146,0.306,99.714,4,romance,0.36040609137055835,0.265,0.307537688442211,0.4097184556974508,0.3109812599375898,False
93678,5AbnLCQFNfxyQnXgq7kp5y,Oleg Pogudin,Элегия концерт,Вам не понять моей печали,0,222266,False,0.48,0.119,9,-15.435,0,0.0472,0.933,5e-06,0.592,0.118,77.874,4,romance,0.4873096446700507,0.119,0.11859296482412059,0.3199792909619841,0.24163420316472375,False
107737,7qOTekcfMJ4wTQGXoJH0ah,New Order;Ctrl Alt Esc,Commencement,Bizarre Love Triangle,26,269906,False,0.66,0.79,10,-5.24,1,0.0358,0.054,0.000611,0.0957,0.331,118.941,4,synth-pop,0.6700507614213198,0.79,0.33266331658291454,0.48872097036635276,0.5975713593347448,False
42660,46ORcEf64lk1CrM00THv6O,Milking the Goatmachine,Stallzeit,Ace of Spades,13,154466,False,0.369,0.963,2,-4.066,1,0.111,3.74e-05,0.669,0.587,0.215,158.044,4,grindcore,0.37461928934010147,0.963,0.21608040201005022,0.6493926992423122,0.5178998971167171,False
37513,0H351Cn5b1uS4E4Cg1Jxb5,NAFTA,Nafta,La Carta,48,253161,False,0.797,0.337,5,-10.079,1,0.0696,0.535,0.0,0.114,0.664,130.016,3,funk,0.8091370558375635,0.337,0.6673366834170854,0.5342274378317965,0.6044912464182163,False
27660,2Ug1U9UQiDL0sabsvcp3kR,S.P.Y,Grey Days / Shadows Of The Mind,Grey Days,17,304296,False,0.379,0.844,2,-4.633,1,0.0489,0.00477,0.923,0.119,0.13,113.348,5,drum-and-bass,0.3847715736040609,0.844,0.13065326633165827,0.46573969067928933,0.45314161331190633,False
7626,6DWUqItLvXGKTpdwyYUc1N,Town Mountain,Southern Crescent,Southern Crescent,22,211426,False,0.486,0.622,9,-6.516,1,0.0297,0.305,4.32e-05,0.293,0.55,166.941,4,bluegrass,0.49340101522842633,0.622,0.5527638190954773,0.6859499038508949,0.5560549447746346,False
64136,1LFJLpGF7gexCurvUsjqG9,Ella Fitzgerald,Santa Claus Is Coming To Town,Frosty The Snowman,0,131733,False,0.579,0.502,8,-7.57,1,0.0513,0.733,0.0,0.281,0.836,76.783,4,jazz,0.5878172588832487,0.502,0.8402010050251255,0.31549644166132507,0.6433394213027914,False
13859,3znnqpwwIseRg3haxuQe2w,Armando,Straight Up Detroit Shit 2013,100% Dissin It,7,50773,False,0.892,0.685,11,-4.404,0,0.267,0.0411,0.928,0.086,0.76,154.9,4,chicago-house,0.9055837563451776,0.685,0.7638190954773869,0.6364742040990747,0.7848009506075216,True
29737,2GhwDDUHbfHF6YOwm9xilY,FelMax,Chapel,Chapel,38,201562,False,0.601,0.956,2,-3.759,1,0.0349,0.000395,0.877,0.242,0.0389,127.993,4,dubstep,0.6101522842639593,0.956,0.03909547738693467,0.525915060072646,0.5350825872169647,False
59859,5gYNIwz1eygjeDnVCV8sCP,Siavash Amini;Hessam Ohadi;Nima Pourkarimi,Spotty Surfaces,Nights,0,311132,False,0.542,0.946,8,-11.342,1,0.0673,0.694,0.914,0.504,0.039,120.012,4,iranian,0.550253807106599,0.946,0.03919597989949748,0.4931216409447266,0.5118165956686987,False
83521,2mQ7KmAI8gFLH3baaDXc6o,Calvin Harris;Disciples;DJ Snake,How Deep is Your Love (DJ Snake Remix),How Deep is Your Love - DJ Snake Remix,41,222400,False,0.616,0.903,9,-0.475,1,0.0938,0.015,0.00102,0.141,0.446,149.93,4,progressive-house,0.6253807106598984,0.903,0.4482412060301507,0.6160527916111961,0.6588739722300163,False
108859,76d4T3jql30UhXtvdoSgOO,Francisco Canaro;Roberto Maida,La Milonga de Buenos Aires,Milonga Brava,16,159560,False,0.749,0.399,4,-9.51,0,0.0731,0.934,0.912,0.108,0.829,108.921,4,tango,0.7604060913705584,0.399,0.8331658291457286,0.44754943050145457,0.6641906401720957,False
14737,1CxOnGWoUmxqlyebvPo3pZ,The Wiggles,Wiggle House!,Joannie Works with One Hammer,30,107189,False,0.652,0.491,2,-5.571,1,0.272,0.516,0.0,0.192,0.961,129.302,5,children,0.6619289340101523,0.491,0.9658291457286431,0.531293657446214,0.706252693246265,False
45660,63GKLwpWhgcDdQSB20S1oP,Steve Vai,Alive In An Ultra World,Whispering a Prayer,27,525626,False,0.155,0.3,4,-13.669,1,0.0429,0.648,0.719,0.938,0.159,80.568,4,guitar,0.15736040609137056,0.3,0.15979899497487435,0.331048764853804,0.20571980035541496,False
113136,5GDtkgG9T1BDknHHyDtghv,Cory Asbury,The Father's House,The Father's House - Studio,62,253640,False,0.408,0.707,1,-5.4,1,0.0341,0.189,0.0,0.626,0.333,161.962,4,world-music,0.4142131979695431,0.707,0.3346733668341708,0.6654915109379879,0.48529552160123796,False
71737,4eAwB5pnKFTmsgc3zWoYO0,Seether,Finding Beauty In Negative Spaces (Bonus Track Version),Fake It,75,193893,True,0.611,0.95,8,-3.509,1,0.0518,0.00141,1.59e-06,0.0543,0.607,132.078,4,metal,0.6203045685279187,0.95,0.6100502512562813,0.5427000640994034,0.7267849399280667,False
13136,34z21qTIqDM2aNKU4SCOu9,Larry Heard,Alien,Flight of the Comet,15,347106,False,0.764,0.553,11,-11.597,0,0.0444,0.0205,0.901,0.0809,0.264,104.292,4,chicago-house,0.7756345177664974,0.553,0.26532663316582916,0.428529165228539,0.5313203836441088,False
107678,2JEvkGpibMvl7nAymPedyW,Priest,Obey EP,Obey,24,256000,False,0.501,0.793,9,-5.475,0,0.0422,0.00623,0.000369,0.141,0.0678,123.884,4,synth-pop,0.5086294416243654,0.793,0.06814070351758793,0.5090314415791464,0.4565900483806511,False
48678,0VpW9XAE5QC0nj4qhQ4FGM,Rotterdam Terror Corps,RTC is the legacy,Raveworld - F.Noize Remix,29,237238,False,0.651,0.997,8,-2.246,1,0.306,0.274,0.353,0.0847,0.0602,95.071,4,hardcore,0.6609137055837563,0.997,0.06050251256281406,0.3906406653189356,0.5728054060488568,False
58136,21CaraclSZHAVxAQxIfNTL,Powerman 5000,"Copies, Clones & Replicants",Electric Avenue,31,201453,False,0.574,0.886,6,-2.452,1,0.0945,0.00899,0.0,0.449,0.555,123.973,4,industrial,0.5827411167512689,0.886,0.5577889447236181,0.5093971368933156,0.675510020491629,False
34411,20A2Xe76p9wxUFLbbzZjTM,Jim Croce,Photographs & Memories: His Greatest Hits,Time in a Bottle,37,148586,False,0.533,0.155,2,-16.837,1,0.0376,0.888,0.0,0.108,0.592,134.019,3,folk,0.5411167512690356,0.155,0.5949748743718593,0.5506755090971845,0.4303638752136316,False
79521,0gsBQy8Q0eWlR67xDmoWFw,Emile Pandolfi,So This Is Love,So This Is Love,56,172187,False,0.279,0.234,7,-17.515,1,0.0396,0.975,0.871,0.0908,0.24,163.883,1,piano,0.283248730964467,0.234,0.24120603015075373,0.6733847772134839,0.25281825370507355,False
26521,0p4s5XhvIgIwq6wyj2HSSs,Toshihiro Tachibana;Shigeo Matsuzawa;Masahiro Anzai;Music Creation,Pocahontas (Original Motion Picture Soundtrack/Japanese Version),The Virginia Company (Reprise),21,35506,False,0.407,0.162,7,-17.251,1,0.0365,0.876,6.21e-06,0.158,0.697,181.496,4,disney,0.41319796954314714,0.162,0.7005025125628139,0.7457554689939682,0.42523349403532035,False
34740,7lAADZLmAEX1bwqH05dWUT,Jorge Acosta,Kachaka Paraguay,Tu No Sabes Nada,44,193000,False,0.743,0.629,0,-8.647,0,0.0522,0.0103,0.0,0.037,0.907,76.249,4,folk,0.7543147208121826,0.629,0.9115577889447236,0.3133022697763095,0.764957503252302,False
29740,5wRosZhB66DzD6WSnt0XyX,DJ Noiz;Konecs;Vili Langi,Ofa Mai,Ofa Mai,50,184581,False,0.872,0.78,10,-4.06,1,0.068,0.0712,0.0,0.0643,0.695,106.009,4,dubstep,0.8852791878172588,0.78,0.6984924623115577,0.4355842085367257,0.7879238833762722,False
23737,2DFQvQWXVUtnHYUwIzye97,GAMPER & DADONI;Mark Wilkinson,Heavy Heart,Heavy Heart,55,166993,False,0.79,0.526,10,-9.452,1,0.0376,0.182,0.00114,0.103,0.595,123.995,4,deep-house,0.8020304568527918,0.526,0.5979899497487436,0.5094875334878294,0.6420068022005118,False
70660,6ZBXaW9fy6oDc0b0yDtH7u,金莎,空氣,被風吹過的夏天,50,255946,False,0.551,0.535,3,-5.809,1,0.0312,0.604,0.0,0.102,0.341,123.789,4,mandopop,0.5593908629441624,0.535,0.342713567839196,0.5086410926482915,0.4790348102611195,False
75513,2BXdDjt3w3lzKUZnsbg8Qs,David Lanz,Return To The Heart,Return To The Heart,48,200826,False,0.467,0.09,9,-20.992,1,0.0652,0.974,0.916,0.0573,0.138,92.284,4,new-age,0.47411167512690355,0.09,0.13869346733668342,0.37918906036848943,0.23426838082119564,False
55737,5aJfbWiKcwC4Fh7ymbKHHy,Raghu Dixit,Aanandam (Original Motion Picture Soundtrack),Khule Reston Pe,44,150261,False,0.559,0.425,9,-11.083,1,0.0438,0.84,0.00115,0.0972,0.29,161.89,4,indian,0.5675126903553299,0.425,0.29145728643216073,0.665195667537761,0.42798999226249684,False
97521,1e4gBqEtO3SW4yJ3JjrM9C,Bruno & Marrone,Paixão Demais,Passou da Conta,46,281053,False,0.473,0.585,0,-6.226,1,0.0295,0.525,5.29e-06,0.097,0.247,142.198,4,sertanejo,0.4802030456852791,0.585,0.24824120603015074,0.5842824975757277,0.4378147505718099,False
106513,08GOw3NsrJ0LsCCeyqzt3b,ABBA,The Album,Thank You For The Music,63,229453,False,0.283,0.417,4,-9.124,1,0.0404,0.835,0.0,0.102,0.373,201.145,4,swedish,0.2873096446700507,0.417,0.37487437185929645,0.8264919547030883,0.3597280055097824,False
21859,7862flGk6U3tiWs2m2aUzH,Burna Boy,Twice As Tall,Bank On It,52,276536,False,0.784,0.388,1,-8.931,1,0.207,0.29,0.00539,0.0971,0.472,93.011,4,dancehall,0.7959390862944162,0.388,0.47437185929648235,0.38217625692355733,0.5527703151969662,False
105513,2Lb7W4SQkT2V9aCUYZeqb6,"Sarah, the Illstrumentalist",Hurricane Season,Pullen Park,32,143444,False,0.711,0.528,2,-11.217,1,0.0504,0.00378,0.863,0.131,0.0863,107.976,4,study,0.7218274111675126,0.528,0.08673366834170854,0.4436664858734776,0.4455203598364071,False
96411,3Ux8UdONG81vCs0JKoZAqf,Arlindo Cruz,Mtv Ao Vivo Arlindo Cruz - Cd 1,Fora de Ocasião,40,150720,False,0.585,0.813,2,-6.32,1,0.0399,0.637,0.0,0.729,0.874,102.226,4,samba,0.5939086294416243,0.813,0.8783919597989949,0.42004010321647517,0.7617668630802065,False
7859,4ctrW6hZZ5sXqWfYMhAE7g,Ricky Skaggs,Super Hits,I Wouldn't Change You If I Could,40,179373,False,0.605,0.345,5,-10.937,1,0.0263,0.0519,2.02e-06,0.105,0.802,138.094,4,bluegrass,0.6142131979695431,0.345,0.8060301507537688,0.5674194237627993,0.5884144495744373,False
19740,3bMh0f7p377DT6esXJoJa6,Ashley McBryde,Good Times Country,Styrofoam,0,175853,False,0.737,0.701,0,-6.013,1,0.0446,0.0495,1.11e-06,0.108,0.844,85.001,4,country,0.748223350253807,0.701,0.8482412060301506,0.3492636786483244,0.7658215187613192,True
73513,7FIy6N0Q90ID7u1Gh9oGfe,Guy Gerber,What To Do EP,What To Do,46,300983,False,0.718,0.693,0,-10.661,0,0.0382,0.165,0.815,0.104,0.664,121.992,4,minimal-techno,0.7289340101522842,0.693,0.6673366834170854,0.501257334450964,0.6964235645231232,False
70626,7fIP72hHPvNFI8XPYsxwQ9,Angela Chang,歐若拉,歐若拉,49,259160,False,0.507,0.77,5,-4.557,1,0.0588,0.0927,0.0,0.277,0.651,170.001,4,mandopop,0.5147208121827411,0.77,0.6542713567839196,0.6985232483605345,0.6463307229888869,False
20859,37R0bQOQj5a7DOqh1TGzvB,Charlie Puth,Nine Track Mind,One Call Away,73,194453,False,0.667,0.613,1,-5.353,1,0.0344,0.403,0.0,0.115,0.47,91.024,4,dance,0.6771573604060913,0.613,0.47236180904522607,0.3740118008645202,0.5875063898171059,False
45737,6L1ejFvyidhSfuckbS2lwB,Sonny Lim,Slack Key Guitar: The Artistry Of Sonny Lim,Pau Hana Rag,22,184720,False,0.339,0.195,3,-20.308,1,0.0406,0.952,0.744,0.104,0.564,189.689,4,guitar,0.34416243654822337,0.195,0.5668341708542712,0.7794199825781108,0.36866553580083156,False
74737,2bli33fs7ikTg3lxlQV8pA,Elba Ramalho;Dominguinhos,Baião De Dois,Gostoso Demais,40,234160,False,0.564,0.606,2,-12.175,1,0.0664,0.599,9.33e-05,0.275,0.803,175.539,4,mpb,0.5725888324873095,0.606,0.807035175879397,0.7212785365613135,0.6618746694555688,False
3136,0lpdGobBIXUFiPaZpDR1Bj,Skillet,Rock Brandneu,Surviving the Game,0,238870,False,0.535,0.979,8,-3.593,1,0.0597,0.000666,0.0,0.084,0.432,103.996,4,alternative,0.5431472081218274,0.979,0.43417085427135677,0.42731292013871763,0.652106020797728,False
3521,5IUGggKb1vh11R6hE0rPpm,Janelle Monáe;Zoë Kravitz,The State of Pop,Screwed,0,302491,True,0.729,0.681,8,-7.582,0,0.0405,0.0442,0.000242,0.27,0.444,106.011,4,alternative,0.7401015228426395,0.681,0.44623115577889444,0.4355924264089542,0.622444226207178,False
86513,0em3bmrNA9Jbiq5AGG9Q3e,Hoolahoop,Hari Untuk Berlari,Angel or Keisha,40,241826,False,0.484,0.759,8,-4.172,1,0.0304,0.413,0.0,0.07,0.388,150.068,4,punk,0.4913705583756345,0.759,0.38994974874371857,0.6166198247949641,0.546773435706451,False
13626,6tXhW3RvKa5md44T7446Tw,Frankie Knuckles;Director's Cut;Eric Kupper;Jamie Principle,Baby Wants to Ride (Re-Directed),Baby Wants to Ride - Re-Directed,8,611666,True,0.8,0.82,7,-7.177,1,0.0631,0.000356,0.816,0.0481,0.873,126.004,4,chicago-house,0.8121827411167513,0.82,0.8773869346733667,0.5177423861413802,0.8365232252633726,True
5411,4LUJzSLpBtgH3dpOH7J7Nf,Hiroyuki Sawano,86―エイティシックス― オリジナル・サウンドトラック,Voices of the Chord,54,182173,False,0.486,0.403,4,-8.345,0,0.0296,0.203,0.00154,0.0677,0.16,141.85,4,anime,0.49340101522842633,0.403,0.16080402010050251,0.5828525878079648,0.35240167844297626,False
86678,44DGNUUvSQjqFxwgFC7wsf,boom boom kid,Frisbee,Lo Único Feo Es No Tener Porque Vivir,40,193333,False,0.577,0.93,2,-4.553,1,0.0679,0.0102,0.000671,0.0893,0.448,92.539,4,punk,0.5857868020304567,0.93,0.450251256281407,0.380236839077626,0.6553460194372879,False
73521,18mfe5YtwXeqhbuSABYVCK,Jan Blomqvist;Animal Trainer,Big Jet Plane,Big Jet Plane - Animal Trainer Remix,44,400926,False,0.89,0.443,0,-8.654,1,0.0497,0.0372,0.385,0.369,0.199,122.002,4,minimal-techno,0.9035532994923857,0.443,0.19999999999999998,0.5012984238121065,0.5155177664974618,False
24411,14T9W9rhv3Gj021FHfyhnD,Model 500;Aisha Jamiel,Deep Space,The Flow,9,248946,False,0.631,0.805,6,-7.465,0,0.0621,0.007,0.0117,0.46,0.484,112.373,4,detroit-techno,0.6406091370558376,0.805,0.48643216080402,0.46173347796788455,0.6440137659532859,False
105136,5WlX7Y1wc3NfuiifGoGJEx,Miso Colt,Elevator Rendezvous,Elevator Rendezvous,45,185000,False,0.821,0.406,8,-14.695,0,0.114,0.952,0.677,0.108,0.637,87.014,4,study,0.8335025380710659,0.406,0.6402010050251256,0.35753496704633236,0.6265678476987304,False
51660,6UeMjHhzYnidHi7I4isoGg,AP Dhillon;Gurinder Gill;Gminxr,Most Wanted,Most Wanted,60,184090,False,0.85,0.573,8,-6.759,1,0.274,0.0439,0.0,0.0871,0.49,88.05,4,hip-hop,0.8629441624365481,0.573,0.4924623115577889,0.36179182486070705,0.6428021579981124,False
104859,0wA3AZzA0gp0wfSS0SpZt5,Melendi;Mau y Ricky,La Boca Junta,La Boca Junta,62,227312,False,0.663,0.836,11,-5.111,1,0.0384,0.464,0.0,0.0554,0.802,154.952,4,spanish,0.6730964467005076,0.836,0.8060301507537688,0.6366878687770162,0.7717088658180922,False
96678,2lS6uHU9ebUHTatXdQTG6p,Jorge Aragão,Ao vivo 3,Novos tempos - Ao vivo,37,311360,False,0.464,0.573,7,-10.407,1,0.0392,0.85,0.000681,0.542,0.558,90.987,4,samba,0.47106598984771575,0.573,0.5608040201005026,0.3738597702282925,0.5349566699827394,False
660,7MlPySldFcJ9R3mSFvGV4y,Masaharu Fukuyama,AKIRA,彼方で,29,272320,False,0.459,0.57,4,-5.672,1,0.0293,0.199,0.0,0.137,0.361,72.978,4,acoustic,0.46598984771573604,0.57,0.3628140703517587,0.2998619397465608,0.466267972689165,False
35678,6f4ZEtnZs3NpDK2FdeyYl1,Edson Lima e Gatinha Manhosa,20 Grandes Sucessos: A Voz de Quem Te Ama,História do Amor,39,223920,False,0.492,0.892,0,-4.767,1,0.0906,0.0118,0.0,0.367,0.736,169.401,4,forro,0.499492385786802,0.892,0.7396984924623115,0.6960578866919778,0.7103969594163712,False
53740,364Am4PI1b6FQc0wUUH7AS,Matoma;Brando,House Anthems,The Bender,1,184320,False,0.707,0.882,6,-7.46,1,0.0385,0.0606,0.0131,0.105,0.208,125.007,4,house,0.7177664974619289,0.882,0.20904522613065324,0.5136457768354618,0.6029372411975273,False
110411,19XDJlw6WxC4XOKC1LGKid,Armin van Buuren;Laura V;Avicii,Drowning,Drowning - Avicii Remix,51,204321,False,0.533,0.849,11,-7.148,1,0.036,0.0365,0.00232,0.379,0.281,126.944,4,trance,0.5411167512690356,0.849,0.28241206030150756,0.5216047860887859,0.5575096038568477,False
72660,3HhaSocKwTptze7PySNZlW,A Day To Remember,Bad Vibrations (Deluxe Edition),Paranoia,62,200676,True,0.409,0.992,3,-2.803,0,0.108,4.82e-05,2.03e-06,0.1,0.344,149.859,4,metalcore,0.41522842639593904,0.992,0.3457286432160803,0.6157610571470835,0.5843190232040064,False
109626,0kfCf8GLQDZFZZIhVtHZvk,Charlotte de Witte,Asura EP,Asura,51,469612,False,0.731,0.902,11,-10.807,1,0.0511,0.0122,0.899,0.111,0.409,136.014,4,techno,0.7421319796954314,0.902,0.4110552763819095,0.5588728366451359,0.6850624186924469,False
82521,0ivrqdSNVmReUeSkNexBDx,The Arrivals,Marvels of Industry,I'm Sorry For Saying I'm Sorry,22,121666,False,0.247,0.819,0,-6.312,1,0.0484,0.000893,0.00375,0.38,0.494,177.834,4,power-pop,0.25076142131979695,0.819,0.49648241206030147,0.7307085449435432,0.5220812777933662,False
32513,5QRhs05R9MOXHQC2OOn5bq,Innellea,Distorted Youth EP,Loss Of Hope,45,439024,False,0.682,0.927,5,-6.129,0,0.0373,0.133,0.842,0.0918,0.113,122.998,4,electronic,0.6923857868020304,0.927,0.11356783919597989,0.5053909241819108,0.5776512086660034,False
90737,2Jfsnt07szICCDxFEvgBNP,Estela Nuñez,Estela Núñez (Con Mariachi),No Volveré,30,200026,False,0.417,0.161,0,-15.638,1,0.0356,0.483,0.0,0.715,0.484,97.312,4,rock-n-roll,0.42335025380710656,0.161,0.48643216080402,0.39984879115099514,0.35692747153704224,False
81136,4O0ymDK32zylHELT506JPI,The Weeknd,Halloween Party 2022,Blinding Lights,0,201573,False,0.512,0.796,1,-4.075,1,0.0645,0.00147,0.000209,0.0938,0.344,171.014,4,pop,0.5197969543147208,0.796,0.3457286432160803,0.7026856006442812,0.5538418658436003,False
5859,3sFdaHo9D3hfiFt2wVi6a5,Kenshi Yonezu,M八七,M八七,65,263120,False,0.633,0.719,1,-8.329,1,0.0418,0.3,2.23e-05,0.34,0.334,112.013,4,anime,0.6426395939086295,0.719,0.335678391959799,0.4602542609667505,0.5657726619561428,False
30859,7y3c1oJMY1CwwtOZ84Qovu,Regard;Years & Years,Hallucination,Hallucination,74,174794,True,0.687,0.788,6,-5.142,0,0.0352,0.0121,0.0,0.358,0.669,123.02,4,edm,0.6974619289340102,0.788,0.6723618090452261,0.5054813207764245,0.7192745793264121,False
36660,0hOW6iNtMXxl9UB70gt8Bc,Caballero & JeanJass;Lomepal,High & Fines Herbes,Brillant,34,160746,True,0.735,0.567,1,-8.228,1,0.171,0.0242,1.3e-05,0.417,0.408,106.146,4,french,0.7461928934010151,0.567,0.41005025125628136,0.43614713278437944,0.5744143815524322,False
6660,1oNgtfuBBsQP30U4B5N60w,Manes,Slow Motion Death Sequence,Poison Enough for Everyone,17,273066,False,0.534,0.759,6,-8.391,0,0.0435,0.0125,0.477,0.61,0.141,119.924,4,black-metal,0.5421319796954315,0.759,0.1417085427135678,0.4927600545666716,0.48094684080299976,False
27411,3QSzbe5jUceSc0IyAFJ4LD,Zero T,Dream Logic,Dream Logic,18,319097,False,0.671,0.928,8,-3.704,0,0.0732,0.000164,0.729,0.273,0.634,174.002,4,drum-and-bass,0.6812182741116751,0.928,0.6371859296482412,0.7149631017536939,0.7488014012533055,False
107859,3O6l5P4tTtHl3jN1vtrNlo,Tove Lo;Kylie Minogue,Sunshine Kitty,Really don’t like u (feat. Kylie Minogue),47,225104,False,0.599,0.619,4,-6.658,0,0.0736,0.215,6.11e-05,0.0856,0.265,109.326,4,synth-pop,0.6081218274111675,0.619,0.2663316582914573,0.44921354962773036,0.4978178285675416,False
39411,3DNRdudZ2SstnDCVKFdXxG,Ludwig van Beethoven;Paul Lewis,"Beethoven: Piano Sonatas, Vol.3","Sonata No. 14 ""Moonlight"" in C-Sharp Minor"", Op. 27 No. 2: I. Adagio sostenuto",69,315426,False,0.184,0.00527,1,-37.264,0,0.0432,0.995,0.887,0.173,0.151,170.612,3,german,0.18680203045685279,0.00527,0.15175879396984923,0.7010338083263481,0.11461027480890067,False
10521,1Lu4MHevzkeT1KeNUyU3Wo,Hybrid,Symphony,Symphony - Original Mix,14,740600,False,0.577,0.91,10,-12.534,0,0.0429,0.0268,0.652,0.122,0.486,131.884,4,breakbeat,0.5857868020304567,0.91,0.4884422110552763,0.5419029304932367,0.6614096710285776,False
16859,31MPMuJJoYfX91Myeqi8ob,Wolfgang Amadeus Mozart;Danielle Laval,Mozart - Inspiring Classics,"9 Variations on a Minuet by J.P. Duport in D, K.573: 8. Variation VII",4,62325,False,0.354,0.194,2,-20.373,1,0.034,0.989,0.961,0.251,0.67,145.106,3,classical,0.3593908629441624,0.194,0.6733668341708543,0.5962312837959995,0.4089192323716722,False
87678,6e3mKhIpIyvUkbeQ0cSLPQ,Mariano Barba,Nuestro Punto G,Me Gustas,43,203066,False,0.693,0.461,2,-8.051,1,0.0397,0.721,0.000178,0.0722,0.429,147.921,4,r-n-b,0.7035532994923857,0.461,0.4311557788944723,0.607797938957645,0.5319030261289527,False
77660,0HifRAxIjuvd7XBJEviQOK,Martinho Da Vila;Djonga,Era de Aquarius,Era de Aquarius,44,178207,False,0.895,0.516,4,-7.075,0,0.294,0.548,0.0,0.19,0.783,136.076,4,pagode,0.9086294416243654,0.516,0.7869346733668341,0.55912759068422,0.7371880383303999,False
46411,5O8NTmi6nq47lg0XKHzUZg,The Prophet,The Hardcore Archive Part 2 (1995 - 1996),Housetime! (Original Mix) - Extended Mix,8,385534,False,0.538,0.866,4,-3.674,0,0.0827,0.000866,0.013,0.357,0.0355,100.016,4,happy,0.5461928934010152,0.866,0.03567839195979899,0.41095935440395776,0.482623761786938,False
72513,7yhN7C46ts8tAKHoNRrBL6,We Came As Romans;Zero 9:36,Daggers,Daggers,57,194093,True,0.435,0.961,7,-3.658,1,0.141,6.16e-05,0.000134,0.384,0.427,148.016,4,metalcore,0.4416243654822335,0.961,0.42914572864321604,0.6081882878884999,0.6105900313751499,False
64411,0B1HBdtLt2ebn2iHPPn65L,Dean Martin,Jingle Bell Rock 2022,"Baby, It's Cold Outside",0,143733,False,0.439,0.196,0,-16.093,1,0.0601,0.88,0.0,0.0513,0.525,129.581,4,jazz,0.44568527918781725,0.196,0.5276381909547738,0.5324400506220929,0.38977449004753034,False
81859,3LOVW8lNXFD9ZAUDvLIOR5,Atif Aslam;Shalmali Kholgade,Tera Naam Doon (Lofi Mix),Tera Naam Doon (Lofi Mix),39,231428,False,0.561,0.404,0,-10.193,1,0.0324,0.735,0.0186,0.164,0.52,139.774,4,pop,0.5695431472081218,0.404,0.5226130653266331,0.5743224364347583,0.49871873751158496,False
92678,7FMXSSzIRW8aJwUPfzXsa2,Roy Orbison,Mystery Girl,She's a Mystery to Me,52,254960,False,0.431,0.485,0,-11.844,1,0.0279,0.0326,0.27,0.157,0.699,177.329,4,rockabilly,0.43756345177664974,0.485,0.7025125628140703,0.7286335322058413,0.5416920048635733,False
26678,0r18bT9WjOsecZfmUhjSmG,Alan Menken;Howard Ashman;Ellen Green,Little Shop Of Horrors,Somewhere That's Green - 1982 Original Cast,21,235533,False,0.434,0.106,7,-20.119,1,0.0463,0.921,9.97e-05,0.327,0.261,110.736,4,disney,0.44060913705583754,0.106,0.2623115577889447,0.4550071495488388,0.2696402316149274,False
22521,2RvluPimiBzerjtXE87AdI,Gideon,Out of Control,SOUTHWIND,23,249828,False,0.594,0.989,10,-3.246,0,0.131,0.000372,0.000274,0.12,0.186,115.999,4,death-metal,0.6030456852791878,0.989,0.18693467336683414,0.476632480318196,0.5929934528820073,False
42513,5XPeGv8zY3kqkxKYAcQRV3,Couple Skate,Human Resources,Masturbation Is My Name,13,118785,False,0.386,0.903,2,-6.518,1,0.166,4.73e-05,0.00846,0.606,0.178,123.354,4,grindcore,0.39187817258883245,0.903,0.17889447236180903,0.5068537054385879,0.49125754831688057,False
43678,3vpItm0ZKfoWWhMyrUFjPa,HELLYEAH,HELLYEAH,Matter of Time,28,226026,True,0.434,0.984,10,-2.151,0,0.104,0.000553,1.44e-06,0.14,0.324,102.278,4,groove,0.44060913705583754,0.984,0.3256281407035176,0.4202537678944168,0.583412425919785,False
57626,62xTWuLB2JucUM9lCmr7kj,Ritviz,Mimmi,Aas Paas,47,98412,False,0.633,0.452,7,-9.119,1,0.0531,0.0162,0.151,0.169,0.402,114.058,4,indie,0.6426395939086295,0.452,0.4040201005025125,0.46865703532041486,0.4995532314703807,False
6626,6bKp7enSiddwKgfJ49Zkq4,LIK,Carnage,Dr Duschanka,18,264499,False,0.147,0.992,11,-4.652,1,0.0941,3.62e-06,0.0111,0.548,0.123,157.405,4,black-metal,0.14923857868020302,0.992,0.1236180904522613,0.6467670890652992,0.42161888971082145,False
53626,6NhxG3vfaRVzFosetdRITN,Years & Years,"Anímate, es viernes",Starstruck,0,207755,False,0.555,0.879,9,-2.484,0,0.0983,0.011,0.0,0.298,0.691,113.852,4,house,0.5634517766497462,0.879,0.6944723618090451,0.46781059448087703,0.7123080461529305,True
6513,36BpdNhpc6BuY53BopgMyu,Gehenna,Seen Through The Veils Of Darkness (The Second Spell),Shairak Kinnummh,17,305066,False,0.0999,0.899,9,-2.658,0,0.0599,3.61e-06,0.969,0.319,0.163,158.671,4,black-metal,0.1014213197969543,0.899,0.16381909547738693,0.651969002185954,0.38808013842478034,False
35136,2G1NkbB4TJj6GlMd6CrwvZ,Calcinha Preta,"Ao Vivo no Recife, Vol. 18",Ainda Te Amo,47,251053,False,0.595,0.526,9,-6.173,1,0.0255,0.487,0.0,0.373,0.489,101.98,4,forro,0.6040609137055837,0.526,0.49145728643216074,0.4190293049323669,0.5405060667125815,False
92740,4iUTK39pDuDaSBLAnkkkfQ,Imelda May,Mayhem,Johnny Got A Boom Boom - Radio Edit,24,157320,False,0.733,0.886,7,-3.523,1,0.0363,0.0236,0.00962,0.285,0.865,110.561,4,rockabilly,0.7441624365482233,0.886,0.8693467336683416,0.4542880857288431,0.8331697234055216,False
1740,3ZucFCxCGG9Jv1xuPJQF6t,BaianaSystem;ÀTTØØXXÁ,Outras Cidades,Calamatraca (ÀTTØØXXÁ Remix),19,182773,False,0.748,0.626,4,-6.909,0,0.212,0.0135,4.66e-05,0.0385,0.44,149.933,4,afrobeat,0.7593908629441624,0.626,0.4422110552763819,0.6160651184195388,0.6092006394068481,False
58737,4IfSKs8cR2DAond1rUDIFA,Assemblage 23,Endure,Bravery,23,311851,False,0.566,0.941,10,-7.947,1,0.0314,0.0122,0.0019,0.0727,0.667,130.021,4,industrial,0.5746192893401014,0.941,0.6703517587939698,0.5342479825123678,0.7286570160446905,False
100660,38NY49T4OlgIXjOSY1RKz8,Lars Frederiksen and the Bastards,Viking,1%,33,166466,False,0.331,0.992,4,-2.725,0,0.0749,0.000615,0.0,0.21,0.828,181.567,4,ska,0.33604060913705586,0.992,0.8321608040201004,0.7460472034580806,0.7200671377190521,False
50737,5tCEbEcupMpNzgWcZyLnl0,Dream Evil,The Book of Heavy Metal,Let's Make Rock,21,244000,False,0.464,0.939,5,-3.959,1,0.0748,1.17e-05,0.0031,0.081,0.329,130.051,4,heavy-metal,0.47106598984771575,0.939,0.33065326633165826,0.5343712505957957,0.5802397520597914,False
31859,2CkaHCJGoUlG0u3f69G84H,Farasat Anees,Dill Laggi,Dill Laggi,43,262000,False,0.651,0.647,1,-6.385,0,0.0391,0.0557,0.0837,0.096,0.215,180.07,4,electro,0.6609137055837563,0.647,0.21608040201005022,0.7398961260950314,0.5079980358646022,False
28626,20f06VeRkb2nqOwuV3eYik,DM Galaxy;Tyler Fiore,Paralyzed,Paralyzed,44,229776,False,0.539,0.871,9,-4.263,1,0.0549,0.0027,0.00338,0.16,0.144,140.015,4,dub,0.5472081218274112,0.871,0.14472361809045223,0.5753126900382952,0.5209772466392878,False
66859,4VX39ulMXYlgBivW2UHdze,Desmond Dennis,Desmond Cool Jams,Brush Your Teeth,9,173798,False,0.765,0.423,10,-6.311,0,0.0412,0.517,0.0,0.35,0.737,127.823,4,kids,0.7766497461928934,0.423,0.7407035175879396,0.5252165409332216,0.6467844212602777,False
98859,4JloN5dBiVokxofXYFcmGR,Alan Menken;Disney,The Little Mermaid,"Main Titles - The Little Mermaid - From ""The Little Mermaid""/Score",47,86186,False,0.203,0.183,7,-16.966,1,0.0348,0.812,0.873,0.27,0.182,89.598,4,show-tunes,0.20609137055837565,0.183,0.18291457286432158,0.36815245796558355,0.19066864780756573,False
107521,3hxRKXzZS0XRYGZ123JDNH,Synapson;Victor Démé,Convergence,Djon maya maï (feat. Victor Démé),64,194706,False,0.79,0.647,8,-6.732,0,0.0375,0.2,0.109,0.0766,0.749,105.012,4,synth-pop,0.8020304568527918,0.647,0.7527638190954773,0.43148759923080715,0.7339314253160897,False
18411,6gvzZ0E4uTFXRqCQDc8Z0R,Greg Proops,In the Ball Park,A Basket of Kisses,22,334656,True,0.501,0.473,1,-16.415,1,0.889,0.601,0.0,0.776,0.71,89.093,4,comedy,0.5086294416243654,0.473,0.7135678391959798,0.3660774452278816,0.5650657602734483,False
80626,3WVHfTd7xz9VPYJQFpOp8j,Sonu Nigam;Shreya Ghoshal,Soulful Sonu Nigam Specials,Main Agar Kahoon,59,308158,False,0.533,0.436,5,-7.521,0,0.0276,0.234,3.17e-06,0.46,0.371,146.868,3,pop-film,0.5411167512690356,0.436,0.3728643216080402,0.6034712292293279,0.4499936909590252,False
75660,7o9RE92xHlgmGpjA2o3DMT,Maire Brennan,Perfect Time,Perfect Time,48,285773,False,0.18,0.273,10,-15.523,1,0.0361,0.847,3.09e-05,0.173,0.103,171.833,4,new-age,0.18274111675126903,0.273,0.10351758793969848,0.7060508193218612,0.1864195682303225,False
71660,5FZxsHWIvUsmSK1IAvm2pp,Foo Fighters,In Your Honor,Best of You,76,255626,False,0.366,0.94,1,-5.119,0,0.0696,0.000769,9.42e-05,0.188,0.369,130.198,4,metal,0.37157360406091366,0.94,0.3708542713567839,0.5349752642045922,0.5608092918058992,False
35737,32ufNAwm8N7yHwbLa4Ch4t,Kara Veia,A Cara Metade das Vaquejadas,Agora É Minha Vez,39,174893,False,0.785,0.774,7,-4.631,1,0.0973,0.304,0.0,0.0591,0.933,88.057,4,forro,0.7969543147208121,0.774,0.9376884422110553,0.3618205874135069,0.8362142523106225,False
43136,3w5x1B7KOXuZ1zUZANmyn4,Preto no Branco;Kennto,Ninguém Explica Deus (Preto no Branco) [Kennto Remix],Ninguém Explica Deus (Preto no Branco) [Kennto Remix],41,173280,False,0.64,0.903,4,-6.138,0,0.171,0.0197,0.000142,0.167,0.38,125.095,4,groove,0.649746192893401,0.903,0.38190954773869346,0.5140073632135167,0.6448852468773648,False
40411,7tztN3e5IFxhOYV7KQgsuu,Marquinhos Gomes,Ele Não Desiste de Você (Ao Vivo no Via Show Rio de Janeiro),Não Morrerei - Ao Vivo,42,327826,False,0.348,0.604,11,-6.371,1,0.038,0.453,0.0,0.573,0.481,127.841,4,gospel,0.35329949238578673,0.604,0.48341708542713563,0.5252905017832782,0.4802388592709741,False
34626,4fN0dQGDaV4Hg7Gd7mBOE0,The Head And The Heart,The Head and the Heart,Rivers and Roads,57,284000,False,0.5,0.197,0,-8.93,1,0.0354,0.717,3.22e-05,0.0755,0.177,131.243,3,folk,0.5076142131979695,0.197,0.1778894472361809,0.5392691024439952,0.2941678868113835,False
106660,0Kk7kohYw6pxdD6EqFN6xG,Håkan Hellström,Du gamla du fria,Pärlor,36,313726,False,0.527,0.87,2,-5.746,1,0.108,0.355,0.000109,0.383,0.306,119.999,4,swedish,0.5350253807106599,0.87,0.307537688442211,0.49306822477524115,0.5708543563842903,False
61411,3BLav8QKSWmODwpHgFFTzI,Shiritsu Ebisu Chugaku,金八,バタフライエフェクト,22,267826,False,0.519,0.978,1,-1.542,1,0.0868,0.00558,0.008,0.218,0.726,169.025,4,j-idol,0.5269035532994923,0.978,0.7296482412060301,0.6945129267130155,0.7448505981685075,False
67136,1F4sE8N4KROqjI5GeBDiDQ,J Balvin,Perreo Tenebroso Vol. 4,Reggaeton,0,158800,False,0.747,0.74,4,-4.325,0,0.191,0.0165,9.94e-05,0.101,0.552,176.062,4,latin,0.7583756345177665,0.74,0.5547738693467337,0.7234275101490723,0.6843831679548334,False
80740,102YVYHLNfgkfQP3qvDqsD,D. Imman;VV Prassanna;Vandana Srinivasan,Rummy (Original Motion Picture Soundtrack),Koodamela Koodavechi,58,300373,False,0.694,0.695,4,-5.035,0,0.0276,0.324,0.0,0.177,0.668,120.057,4,pop-film,0.7045685279187817,0.695,0.671356783919598,0.4933065430698684,0.6903084372794598,False
76678,7sqWXHDZ4lNBNZB1JUxlrl,José Carreras,Recital de Canciones,Aquellos Ojos Verdes,20,224266,False,0.276,0.227,3,-14.881,1,0.0438,0.991,0.343,0.131,0.128,113.819,4,opera,0.2802030456852792,0.227,0.128643216080402,0.4676749995891064,0.21194875392189372,False
67859,5br09BQU134gRX5M6HMnmr,Ozuna;TINI,OzuTochi,Un Reel,62,203840,False,0.715,0.744,9,-4.963,1,0.0487,0.233,0.000159,0.122,0.746,163.005,4,latin,0.7258883248730964,0.744,0.7497487437185929,0.6697771313051625,0.7398790228638964,False
78521,3a6s9pfIqMoZ4ot7WiwIl5,Anstandslos & Durchgeknallt,Party EP,Schnaps,28,142320,False,0.918,0.67,7,-8.089,1,0.103,0.188,0.000176,0.0722,0.634,119.985,4,party,0.9319796954314721,0.67,0.6371859296482412,0.4930106996696415,0.7463885416932378,False
27513,2Csh5mBrKsQz7STqTg1ow6,Logistics;Holly Drummond,Electric Sun,Still Life,18,254627,False,0.517,0.699,10,-4.174,0,0.055,0.00269,0.258,0.0763,0.222,173.994,4,drum-and-bass,0.5248730964467004,0.699,0.22311557788944722,0.7149302302647799,0.4823295581120492,False
23513,3fvsxmytTns1ApIWBqfANZ,Jess Bays;Poppy Baskcomb,Temptation (feat. Poppy Baskcomb),Temptation (feat. Poppy Baskcomb),63,172197,False,0.744,0.703,3,-8.111,0,0.048,0.0195,0.00449,0.141,0.819,125.023,3,deep-house,0.7553299492385787,0.703,0.8231155778894471,0.5137115198132899,0.7604818423760086,False
67678,5AwXAAPFy9Jxfx4ZwkPsJe,Kevin Roldan;Bryant Myers;Lyanno,Halloween 2022 Perreo Vol. 1,Hasta Abajo,0,229826,False,0.714,0.671,5,-5.119,1,0.362,0.292,0.0,0.325,0.641,169.727,4,latin,0.7248730964467004,0.671,0.6442211055276381,0.6973973998652269,0.6800314006581129,False
89626,7ytbVby5rfR6JtS6LX9UDo,Adassa,Tropical Vibes,Llego el bailador,0,223043,False,0.706,0.796,4,-4.597,0,0.0374,0.133,1.3e-06,0.0782,0.793,149.986,4,reggaeton,0.7167512690355329,0.796,0.7969849246231155,0.6162828920335947,0.7699120645528827,True
740,1T7Tqsfkz0Ntbwta2hHebY,Days N Daze,Rogue Taxidermy,Fate of a Coward,28,175046,False,0.583,0.534,2,-11.147,0,0.0411,0.569,0.0,0.351,0.943,123.094,4,acoustic,0.5918781725888325,0.534,0.9477386934673365,0.5057853820488799,0.6912056220187229,False
626,1CtfA9JkJ5cJQgpO7wEj4V,Beyond The Guitar,"Guitar Covers, Vol. 2","He's A Pirate (From ""Pirates of the Caribbean"")",30,163813,False,0.57,0.454,2,-7.613,0,0.0987,0.881,0.889,0.0983,0.381,101.476,4,acoustic,0.5786802030456852,0.454,0.38291457286432157,0.4169584011307792,0.47186492530333557,False
91660,1NhPKVLsHhFUHIOZ32QnS2,OneRepublic,Waking Up,Secrets,76,224693,False,0.516,0.764,2,-6.223,1,0.0366,0.0717,0.0,0.115,0.376,148.021,4,rock,0.5238578680203045,0.764,0.3778894472361809,0.6082088325690711,0.5552491050854952,False
58660,6XN91pyNTEtP2o1SZY5Cwk,Marilyn Manson,Antichrist Superstar,Antichrist Superstar,51,314266,False,0.384,0.833,11,-9.797,0,0.0779,0.000777,0.00489,0.18,0.357,172.015,4,industrial,0.3898477157360406,0.833,0.35879396984924616,0.7067986456946567,0.5272138951950955,False
36513,0BKzMLvouXW9khQeFiOOTz,MR TOUT LE MONDE,For Real,For Real,55,181732,False,0.421,0.724,2,-6.747,1,0.0328,0.0175,0.0254,0.182,0.262,179.992,3,french,0.4274111675126903,0.724,0.2633165829145728,0.739575629078119,0.47157591680908767,False
21678,5Wwr2S7QZTR5PVJn6jhgdk,Chronixx,Dread & Terrible,Here Comes Trouble,59,234586,False,0.758,0.786,4,-4.897,0,0.108,0.156,0.0,0.0658,0.786,83.495,4,dancehall,0.7695431472081218,0.786,0.7899497487437186,0.3430756208602469,0.7818309653172801,False
47513,7n3WO6ESKS1uCI9fgkGs66,Ten Years After,A Space in Time (Deluxe Version),I'd Love to Change the World - 2004 Remaster,67,224133,False,0.383,0.516,9,-12.032,0,0.0344,0.202,0.193,0.114,0.371,118.144,4,hard-rock,0.38883248730964465,0.516,0.3728643216080402,0.4854461482832865,0.425898936305895,False
44859,05tn6MGYoFRaXPYQpZmPcc,Red,Until We Have Faces,Faceless,52,203520,False,0.293,0.904,11,-4.155,0,0.0736,1.92e-05,0.0,0.103,0.294,172.168,4,grunge,0.29746192893401013,0.904,0.29547738693467335,0.7074273129201387,0.4989797719562279,False
47136,1uOe9m9bAiAY4kGnGDu1Ns,Los Prisioneros,Rock un sentimiento vol. I,Amiga Mía,0,244053,False,0.79,0.606,4,-7.699,1,0.0519,0.014,0.00488,0.133,0.903,135.276,4,hard-rock,0.8020304568527918,0.606,0.907537688442211,0.555840441792811,0.7718560484316676,True
54859,3nSfJkSb7xRtrtJMKohXGc,Plaid;Björk,Not For Threes,Lilith,37,278933,False,0.744,0.499,3,-12.428,0,0.0359,0.0986,0.295,0.178,0.668,101.008,4,idm,0.7553299492385787,0.499,0.671356783919598,0.4150354190293049,0.6418955777193922,False
59678,5vsqY1n8gOnkKvaGQjShpm,XERXES THE DARK,The Rise Of A.I.,The Rise of A.I.,0,206614,True,0.456,0.405,2,-11.919,1,0.0453,0.0394,0.269,0.112,0.06,80.052,4,iranian,0.46294416243654823,0.405,0.06030150753768843,0.3289285538188452,0.3094152233247456,False
69521,2ShHalvH8qi6kQAtOcKPxp,Dopeboyghost,Not No Malayalam Rapper,Not No Malayalam Rapper,26,236000,False,0.561,0.351,6,-13.609,0,0.335,0.713,0.000714,0.11,0.629,176.137,4,malay,0.5695431472081218,0.351,0.6321608040201004,0.7237356803576418,0.5175679837427407,False
35740,321DjnyGYXuthUVFzixLdw,Kiko Chicabana,Do Sunrise Ao Sunset,Cê Volta ou Não,39,148689,False,0.669,0.894,7,-3.775,1,0.0304,0.013,0.0,0.0998,0.602,139.991,4,forro,0.6791878172588832,0.894,0.6050251256281406,0.575214075571553,0.7260709809623412,False
97136,5MelKhNFnoYM6W43IhPAs0,Henrique & Juliano,Manifesto Musical (Ao Vivo),Culpados - Ao Vivo,53,160407,False,0.495,0.515,3,-5.5,0,0.0341,0.662,0.0,0.302,0.451,104.009,4,sertanejo,0.5025380710659898,0.515,0.45326633165829144,0.4273663363082031,0.49026813424142707,False
94660,29c5U8gKc38Ck9j10g4A8K,Josh Golden,used to,used to,49,181090,True,0.622,0.723,7,-5.221,0,0.0514,0.394,0.0,0.61,0.446,139.95,4,sad,0.631472081218274,0.723,0.4482412060301507,0.5750456091908682,0.6009044290828083,False
94740,0I1EHCAxMY9n2KTjiZik54,PmBata,circus,circus,53,138707,True,0.719,0.621,0,-4.259,0,0.194,0.358,0.0,0.144,0.834,151.929,4,sad,0.7299492385786801,0.621,0.8381909547738693,0.6242665549036044,0.7297133977841831,False
30136,6j1yDGV547WxP9NZQ44pUd,Avicii,Autopilot,Wake Me Up - Radio Edit,1,246813,False,0.524,0.807,2,-4.16,1,0.0579,0.00415,0.000834,0.212,0.62,124.127,4,edm,0.531979695431472,0.807,0.6231155778894472,0.5100299130549117,0.6540317577736398,False
25626,7bYHsaXYjBjjMzFLnn6pEI,Con Funk Shun,The Best Of Con Funk Shun,Chase Me,31,338200,False,0.937,0.652,9,-11.545,0,0.0748,0.0111,0.000713,0.0606,0.9,123.56,4,disco,0.9512690355329949,0.652,0.9045226130653266,0.5077001462781257,0.8359305495327738,False
2678,44agmNQypTCFKc2dpVonDy,Los Estramboticos,!!Puro Macanazo!!,El Recuento de los Daños,47,271733,False,0.824,0.696,7,-6.716,1,0.0774,0.188,0.0,0.112,0.818,135.044,4,alt-rock,0.8365482233502537,0.696,0.822110552763819,0.5548871686143024,0.7848862587046909,False
62740,35RtQbgQUW1GsE4ro9dSqo,go!go!vanillas,Kameleon Lights,カウンターアクション,37,272866,False,0.402,0.888,4,-3.47,1,0.0437,0.000131,1.22e-06,0.0653,0.735,147.868,4,j-pop,0.40812182741116754,0.888,0.7386934673366833,0.6075801653435892,0.6782717649159502,False
4513,4rYMgi9PpmYY7pfgx4EahN,Aukai,Aukai,Alto Paraíso,55,146322,False,0.565,0.251,5,-16.988,0,0.0882,0.957,0.754,0.101,0.31,134.852,1,ambient,0.5736040609137055,0.251,0.3115577889447236,0.5540982528803642,0.37872061661947637,False
10626,2lsnaNYNdxcFttAfS8eIzY,The Chemical Brothers,Surrender (20th Anniversary Edition),The Diamond Sky,12,218640,False,0.193,0.974,4,-4.237,1,0.0501,0.0242,0.757,0.0586,0.534,190.342,3,breakbeat,0.19593908629441623,0.974,0.5366834170854271,0.7821031178607235,0.568874167793281,False
5678,72AlDuv7nkBb9DvWPNgIw1,Rustage;HalaCG,Goodbye (Yuta Rap),Goodbye (Yuta Rap),43,207031,False,0.735,0.651,4,-5.897,0,0.315,0.262,0.0,0.133,0.163,80.08,4,anime,0.7461928934010151,0.651,0.16381909547738693,0.3290436040300445,0.520337329626134,False
44740,3CtphwpjC0XjIVpLFvGiQR,Temple Of The Dog,Temple Of The Dog (Deluxe Edition),Hunger Strike - 25th Anniversary Mix,62,246266,False,0.384,0.735,7,-6.522,1,0.0317,0.0252,2.76e-05,0.114,0.312,137.834,4,grunge,0.3898477157360406,0.735,0.31356783919597986,0.5663511003730914,0.4794718516440068,False
21660,3N3PWNgtiqsdLY5PQTKw6w,Olamide,UY Scuti,Rock,52,185769,True,0.917,0.628,1,-7.542,1,0.188,0.362,0.273,0.102,0.828,103.993,4,dancehall,0.9309644670050761,0.628,0.8321608040201004,0.42730059333037484,0.7970417570083921,False
12521,1TAz93GRvOHAuKfmoXjWsp,Stephy Tang,Dating Stephy,電燈膽,46,214041,False,0.6,0.569,5,-6.257,0,0.0309,0.846,0.0,0.163,0.537,112.996,4,cantopop,0.6091370558375634,0.569,0.5396984924623115,0.4642933451670693,0.5726118494332916,False
48740,6emdbcRTZnIRizDP5gOnNy,Good Riddance,For God and Country,Mother Superior,31,186000,False,0.474,0.829,9,-11.658,1,0.0387,0.00136,1.16e-05,0.345,0.687,100.786,4,hardcore,0.48121827411167506,0.829,0.6904522613065327,0.41412323521193894,0.666890178472736,False
72740,2b0X8G7Sx9ej3MOeKsYuhC,A Day To Remember,Homesick (Special Edition),Another Song About The Weekend,26,225653,False,0.443,0.941,0,-4.824,1,0.0648,2.39e-05,0.0,0.0965,0.644,163.007,4,metalcore,0.449746192893401,0.941,0.6472361809045226,0.669785349177391,0.6793274579326413,False
108513,3HLe2VqwHOLtyR4limNaYK,Astor Piazzolla,Piazzolla 4 Seasons of Buenos Aires,Libertango,19,249466,False,0.415,0.527,9,-12.271,0,0.0651,0.872,0.291,0.714,0.509,157.862,4,tango,0.42131979695431465,0.527,0.5115577889447236,0.6486448728695166,0.4866258619663461,False
7740,7lwsIGpnNu6Qp4lv76FDAz,Yonder Mountain String Band,"Mountain Tracks, Vol. 6",No Rain,22,251693,False,0.433,0.47,9,-11.916,1,0.0289,0.0909,0.0106,0.675,0.65,78.639,4,bluegrass,0.4395939086294416,0.47,0.6532663316582914,0.323122627089394,0.5209534134292443,False
66521,5sXJukxMUBd2CX8nmwYHbD,Babyboomboom,English and Mandarin Chinese,This Little Piggy (Zhè Zhī Xiǎo Xhū),12,53186,False,0.717,0.173,6,-15.703,1,0.946,0.735,0.0,0.161,0.518,94.301,5,kids,0.7279187817258882,0.173,0.5206030150753769,0.3874767845109544,0.473840598933755,False
38737,4gtcLQl5FiAhMl2ccal0XA,Dune Rats,Bullshit,Bullshit,26,180581,True,0.499,0.967,11,-6.476,1,0.105,9.19e-05,0.0,0.352,0.419,139.002,4,garage,0.5065989847715736,0.967,0.4211055276381909,0.5711503377545486,0.6315681708032549,False
76737,3b9Dae2aPvOGKNOcdhj9CP,Giacomo Puccini;Luciano Pavarotti;Tom Krause;Pier Francesco Poli;Piero de Palma;John Alldis Choir;London Philharmonic Orchestra;Zubin Mehta,Puccini: Turandot,Turandot / Act 3: Nessun dorma!,42,402040,False,0.242,0.356,2,-13.189,1,0.046,0.971,0.0306,0.161,0.152,89.202,4,opera,0.24568527918781724,0.356,0.15276381909547737,0.36652531926433607,0.2514830327610982,False
43660,76AMW7PQUbQZucnM2NHZO5,Sonny Fodera;Dom Dolla,Moving Blind,Moving Blind,40,192983,False,0.909,0.877,2,-6.683,1,0.117,0.0174,0.000466,0.0761,0.363,121.998,4,groove,0.9228426395939086,0.877,0.36482412060301506,0.5012819880676496,0.7215555867323079,False
46513,5ENZmalv3TTuZyZpihKyg1,Gammer;Linney,Better Together,Underneath (feat. Linney),35,161333,False,0.546,0.949,4,-4.353,0,0.0534,0.00652,0.00256,0.192,0.246,134.956,4,happy,0.5543147208121827,0.949,0.2472361809045226,0.5545255822362474,0.5835169672389018,False
48737,0xdfqjP4mkQdHvZtRXG5KG,Los Prisioneros,"Estadio Nacional (En Vivo, Remasterizado 2019)",La Voz de los '80 (En Vivo),32,286017,False,0.426,0.959,1,-5.674,0,0.0745,0.00784,0.0,0.929,0.465,158.298,4,hardcore,0.43248730964467,0.959,0.4673366834170854,0.6504363690153345,0.6196079976872518,False
32859,4kJWtxDDNb9oAk3h7sX3N4,deadmau5,Strobe,Strobe,45,634151,False,0.436,0.524,8,-7.754,0,0.038,0.00947,0.901,0.114,0.0365,128.02,4,electronic,0.4426395939086294,0.524,0.036683417085427134,0.526026001347731,0.3344410036646855,False
63626,1OAp6qN5KmoGUQ2edICKsC,DECO*27,GHOST,Ghost Rule,61,210000,False,0.564,0.894,2,-4.596,1,0.0601,0.0279,0.0,0.281,0.472,104.955,4,j-rock,0.5725888324873095,0.894,0.47437185929648235,0.4312533898722943,0.6469868972612639,False
82513,2bmpohm2ZVk5fDCfX5gAwU,Dan Vapid & the Cheats,Three,Silver Lining,22,162214,False,0.487,0.93,4,-5.927,1,0.0603,0.00156,3.63e-06,0.369,0.743,139.923,4,power-pop,0.4944162436548223,0.93,0.7467336683417085,0.5749346679157833,0.723716637332177,False
54136,7KDZ0tye2U1ImgVbr36eKp,Dither,Defqon.1 2022,Rave Machine,16,228631,False,0.641,0.968,8,-0.539,1,0.116,0.062,0.134,0.312,0.193,95.003,4,idm,0.650761421319797,0.968,0.19396984924623115,0.3903612576631659,0.6042437568553427,False
73740,6DtlUctTWpkUDd7nrMWjPw,Dominik Eulberg,Mannigfaltig,Fünffleck-Widderchen,19,548000,False,0.567,0.643,8,-10.134,0,0.129,0.487,0.898,0.106,0.251,120.008,4,minimal-techno,0.5756345177664973,0.643,0.2522613065326633,0.4931052052002695,0.49029860809972026,False
61678,1whNGQGAy6lvLTo7IHkqAz,Wasuta,我々はネコである。,オーダーメイドとレディーメイド,19,207100,False,0.68,0.907,1,-3.031,0,0.0498,0.0917,2.33e-06,0.216,0.689,130.035,4,j-idol,0.6903553299492385,0.907,0.6924623115577888,0.5343055076179676,0.763272547169009,False
87740,0AzUzlm33acEPEebIv4QHR,Vera Loca,Vera Loca (Ao Vivo),Graffiti - Ao Vivo,42,227480,False,0.415,0.877,1,-5.395,0,0.0305,0.221,0.0,0.97,0.571,96.804,4,r-n-b,0.42131979695431465,0.877,0.5738693467336683,0.39776145160495047,0.6240630478959943,False
99660,2QFyOnJfJ49OnNgMvKXvTM,Sydney Rose,Turning Page,Turning Page,67,218451,False,0.404,0.0182,2,-20.969,1,0.0414,0.964,0.00037,0.108,0.114,109.107,4,singer-songwriter,0.4101522842639594,0.0182,0.11457286432160803,0.4483136926187071,0.18097504952852247,False
